bank_pk,account_type,account_status
4-Axis-143-Ha,NRI,Active
3-Axis-184-Po,Current,Closed
2-Axis-180-Ni,Savings,Closed
3-Axis-192-Ca,Current,Closed
3-Axis-150-La,Savings,Closed
2-Axis-179-Po,Joint,Active
1-Axis-181-We,Savings,Dormant
5-Axis-137-No,Savings,Active
2-Axis-140-St,NRI,Closed
5-Axis-143-Ha,Joint,Dormant
1-Axis-174-We,Savings,Active
2-Axis-195-Po,Joint,Active
4-Axis-191-So,NRI,Dormant
3-Axis-115-We,Savings,Closed
2-Axis-197-Po,Savings,Dormant
2-Axis-149-Po,NRI,Dormant
1-Axis-193-Ne,NRI,Closed
4-Axis-137-No,Joint,Closed
2-Axis-185-Po,Joint,Dormant
4-Axis-104-Or,Joint,Closed
5-Axis-108-Ea,Current,Dormant
2-Axis-176-Mu,Savings,Closed
4-Axis-138-La,Savings,Closed
3-Axis-186-Ea,Current,Closed
1-Axis-126-So,Current,Dormant
4-Axis-131-Br,Current,Active
1-Axis-163-Sh,NRI,Active
2-Axis-194-Po,NRI,Dormant
2-Axis-132-Jo,Joint,Closed
5-Axis-189-Ne,NRI,Dormant
1-Axis-117-Ke,NRI,Dormant
3-Axis-175-Ne,Current,Closed
3-Axis-166-Ma,Savings,Closed
3-Axis-177-Ta,Joint,Dormant
1-Axis-158-Ea,Joint,Active
2-Axis-175-Ne,Savings,Dormant
1-Axis-103-La,NRI,Active
1-Axis-115-We,Joint,Active
2-Axis-174-We,NRI,Dormant
1-Axis-199-No,Savings,Dormant
3-Axis-147-Ea,NRI,Closed
4-Axis-165-So,Current,Dormant
4-Axis-176-Mu,Savings,Dormant
1-Axis-107-Po,Savings,Active
2-Axis-143-Ha,Current,Dormant
5-Axis-120-Ea,Joint,Active
1-Axis-125-Am,Current,Closed
1-Axis-134-No,Savings,Active
5-Axis-114-La,Joint,Active
4-Axis-139-Ke,NRI,Active
4-Axis-129-Tr,Savings,Dormant
5-Axis-165-So,Savings,Dormant
1-Axis-112-Sm,Savings,Dormant
3-Axis-100-Ea,Current,Dormant
4-Axis-142-Br,Savings,Closed
4-Axis-127-We,Joint,Active
4-Axis-100-Ea,Savings,Dormant
2-Axis-139-Ke,Savings,Closed
5-Axis-133-Da,Current,Closed
2-Axis-112-Sm,Savings,Dormant
4-Axis-160-No,Savings,Dormant
1-Axis-165-So,Savings,Closed
4-Axis-103-La,Current,Closed
1-Axis-188-Ea,Joint,Active
1-Axis-197-Po,Current,Active
4-Axis-112-Sm,Savings,Active
4-Axis-135-Ea,Current,Dormant
1-Axis-195-Po,NRI,Dormant
2-Axis-160-No,Current,Dormant
2-Axis-157-Mi,Savings,Dormant
2-Axis-184-Po,NRI,Dormant
3-Axis-189-Ne,Joint,Dormant
1-Axis-114-La,Savings,Active
1-Axis-184-Po,Current,Closed
3-Axis-111-Me,NRI,Active
1-Axis-175-Ne,Current,Closed
5-Axis-168-Ve,Current,Dormant
5-Axis-160-No,NRI,Dormant
1-Axis-141-Ho,NRI,Active
1-Axis-189-Ne,Current,Dormant
1-Axis-131-Br,Savings,Closed
2-Axis-101-Ki,Savings,Dormant
4-Axis-190-Tu,Savings,Closed
5-Axis-153-Da,Savings,Dormant
5-Axis-107-Po,NRI,Dormant
1-Axis-187-Ma,NRI,Active
5-Axis-112-Sm,Joint,Dormant
1-Axis-128-No,Current,Active
5-Axis-157-Mi,NRI,Active
5-Axis-162-Mo,Joint,Closed
4-Axis-186-Ea,Joint,Active
3-Axis-146-Br,Current,Active
4-Axis-178-Po,Joint,Closed
4-Axis-187-Ma,Savings,Active
5-Axis-186-Ea,Current,Closed
4-Axis-173-Ne,Savings,Closed
2-Axis-168-Ve,Current,Closed
1-Axis-168-Ve,NRI,Closed
3-Axis-194-Po,Current,Dormant
1-Axis-100-Ea,NRI,Dormant
1-Axis-101-Ki,Current,Closed
3-Axis-128-No,Savings,Closed
4-Axis-106-Wi,Current,Closed
1-Axis-192-Ca,NRI,Dormant
3-Axis-156-Ea,Savings,Dormant
5-Axis-154-Mi,NRI,Closed
1-Axis-172-La,Savings,Dormant
1-Axis-135-Ea,Joint,Dormant
5-Axis-109-Sa,Savings,Dormant
1-Axis-179-Po,Savings,Dormant
3-Axis-138-La,NRI,Active
1-Axis-157-Mi,NRI,Dormant
5-Axis-197-Po,NRI,Closed
2-Axis-113-Ne,Savings,Closed
4-Axis-181-We,NRI,Active
2-Axis-100-Ea,NRI,Dormant
4-Axis-116-Ne,Joint,Dormant
5-Axis-148-No,Current,Dormant
1-Axis-185-Po,Joint,Closed
2-Axis-106-Wi,NRI,Active
3-Axis-114-La,NRI,Closed
3-Axis-120-Ea,NRI,Dormant
4-Axis-147-Ea,NRI,Active
3-Axis-188-Ea,Joint,Closed
5-Axis-172-La,Savings,Dormant
1-Axis-183-La,Joint,Dormant
1-Axis-149-Po,NRI,Dormant
3-Axis-109-Sa,Current,Active
4-Axis-151-Ja,Savings,Closed
5-Axis-184-Po,NRI,Closed
2-Axis-167-Da,NRI,Closed
1-Axis-133-Da,Current,Active
4-Axis-193-Ne,Joint,Closed
2-Axis-177-Ta,NRI,Closed
5-Axis-185-Po,Current,Active
5-Axis-164-Fo,Savings,Active
2-Axis-159-Ag,Joint,Closed
2-Axis-107-Po,Savings,Closed
3-Axis-174-We,Joint,Closed
1-Axis-164-Fo,Current,Dormant
3-Axis-168-Ve,Joint,Closed
4-Axis-156-Ea,NRI,Dormant
2-Axis-144-Ea,Current,Active
3-Axis-148-No,Current,Closed
1-Axis-173-Ne,Current,Dormant
1-Axis-161-We,NRI,Dormant
2-Axis-138-La,Joint,Dormant
3-Axis-176-Mu,Joint,Dormant
2-Axis-199-No,Joint,Closed
4-Axis-152-Br,Joint,Dormant
3-Axis-144-Ea,Savings,Active
3-Axis-196-Za,NRI,Dormant
2-Axis-127-We,Current,Closed
3-Axis-152-Br,NRI,Dormant
3-Axis-108-Ea,NRI,Active
4-Axis-174-We,NRI,Active
4-Axis-192-Ca,Joint,Active
5-Axis-170-Ea,Current,Closed
5-Axis-126-So,Savings,Closed
4-Axis-121-Al,NRI,Active
5-Axis-194-Po,Savings,Closed
2-Axis-183-La,Savings,Dormant
4-Axis-114-La,Current,Closed
2-Axis-152-Br,Savings,Active
5-Axis-175-Ne,Savings,Active
4-Axis-180-Ni,Joint,Active
4-Axis-122-Te,Joint,Closed
5-Axis-169-No,NRI,Dormant
2-Axis-190-Tu,Current,Active
2-Axis-186-Ea,NRI,Closed
4-Axis-164-Fo,NRI,Closed
5-Axis-106-Wi,Joint,Active
4-Axis-144-Ea,Joint,Active
2-Axis-148-No,Savings,Dormant
5-Axis-147-Ea,Savings,Closed
3-Axis-139-Ke,NRI,Active
3-Axis-181-We,Current,Active
1-Axis-155-Al,Joint,Active
4-Axis-185-Po,Current,Dormant
4-Axis-101-Ki,Savings,Closed
3-Axis-125-Am,Savings,Closed
5-Axis-195-Po,Savings,Dormant
3-Axis-122-Te,NRI,Closed
5-Axis-117-Ke,NRI,Dormant
5-Axis-182-An,Joint,Active
5-Axis-167-Da,NRI,Closed
5-Axis-101-Ki,Savings,Active
2-Axis-130-Ro,NRI,Dormant
3-Axis-179-Po,NRI,Active
2-Axis-163-Sh,Current,Dormant
1-Axis-132-Jo,NRI,Active
3-Axis-149-Po,Savings,Closed
5-Axis-163-Sh,NRI,Active
5-Axis-102-Jo,Savings,Active
1-Axis-150-La,Savings,Closed
2-Axis-129-Tr,NRI,Active
4-Axis-124-Ma,NRI,Active
1-Axis-142-Br,Joint,Closed
2-Axis-187-Ma,Current,Dormant
3-Axis-158-Ea,Current,Active
3-Axis-161-We,Current,Closed
3-Axis-198-Mc,Joint,Closed
1-Axis-109-Sa,Savings,Active
5-Axis-193-Ne,Current,Dormant
3-Axis-159-Ag,NRI,Active
4-Axis-189-Ne,Current,Dormant
2-Axis-198-Mc,Savings,Closed
3-Axis-187-Ma,NRI,Closed
2-Axis-119-La,Joint,Active
5-Axis-173-Ne,Current,Active
4-Axis-126-So,Joint,Closed
2-Axis-156-Ea,Current,Closed
1-Axis-178-Po,NRI,Closed
2-Axis-136-Me,Savings,Closed
4-Axis-167-Da,Savings,Dormant
1-Axis-146-Br,NRI,Dormant
4-Axis-141-Ho,Joint,Closed
5-Axis-134-No,Joint,Dormant
5-Axis-145-Mi,NRI,Active
1-Axis-154-Mi,NRI,Active
2-Axis-153-Da,Joint,Dormant
4-Axis-179-Po,NRI,Dormant
4-Axis-162-Mo,Joint,Closed
3-Axis-126-So,Current,Dormant
2-Axis-158-Ea,Current,Dormant
2-Axis-122-Te,NRI,Closed
2-Axis-110-So,Current,Active
5-Axis-123-Th,Savings,Closed
3-Axis-171-Ne,Savings,Active
4-Axis-197-Po,Joint,Active
5-Axis-130-Ro,Savings,Closed
1-Axis-121-Al,Savings,Closed
4-Axis-113-Ne,Savings,Dormant
2-Axis-104-Or,NRI,Closed
2-Axis-116-Ne,Current,Active
4-Axis-182-An,Joint,Dormant
2-Axis-170-Ea,Current,Closed
5-Axis-181-We,NRI,Closed
3-Axis-143-Ha,Current,Dormant
3-Axis-178-Po,Current,Closed
2-Axis-108-Ea,Savings,Closed
2-Axis-135-Ea,Current,Active
2-Axis-150-La,Savings,Active
4-Axis-117-Ke,Savings,Dormant
4-Axis-119-La,Current,Dormant
2-Axis-165-So,NRI,Closed
4-Axis-188-Ea,Current,Active
5-Axis-190-Tu,Joint,Active
3-Axis-112-Sm,Savings,Active
5-Axis-161-We,Savings,Dormant
3-Axis-127-We,NRI,Active
3-Axis-145-Mi,Savings,Dormant
2-Axis-166-Ma,Current,Closed
4-Axis-198-Mc,Current,Dormant
5-Axis-177-Ta,Savings,Dormant
5-Axis-149-Po,NRI,Closed
3-Axis-101-Ki,NRI,Closed
3-Axis-190-Tu,Savings,Dormant
5-Axis-139-Ke,Savings,Closed
4-Axis-168-Ve,Savings,Dormant
3-Axis-124-Ma,Savings,Dormant
2-Axis-162-Mo,NRI,Closed
4-Axis-105-So,NRI,Dormant
5-Axis-176-Mu,Joint,Dormant
4-Axis-108-Ea,Current,Dormant
1-Axis-113-Ne,Joint,Active
3-Axis-191-So,Current,Dormant
4-Axis-102-Jo,NRI,Dormant
1-Axis-140-St,Savings,Dormant
3-Axis-132-Jo,Current,Closed
5-Axis-178-Po,Savings,Closed
5-Axis-159-Ag,NRI,Active
1-Axis-170-Ea,Savings,Closed
5-Axis-146-Br,Joint,Dormant
4-Axis-169-No,Current,Closed
5-Axis-125-Am,Savings,Closed
3-Axis-157-Mi,Joint,Closed
5-Axis-187-Ma,Savings,Dormant
5-Axis-151-Ja,Joint,Active
2-Axis-193-Ne,Joint,Dormant
5-Axis-115-We,Current,Closed
4-Axis-199-No,Current,Closed
1-Axis-182-An,Savings,Closed
3-Axis-121-Al,NRI,Active
2-Axis-141-Ho,NRI,Active
4-Axis-132-Jo,Savings,Dormant
1-Axis-145-Mi,Current,Active
4-Axis-171-Ne,Joint,Closed
5-Axis-124-Ma,NRI,Active
2-Axis-125-Am,Savings,Active
3-Axis-140-St,Current,Active
3-Axis-197-Po,Current,Closed
5-Axis-136-Me,Savings,Closed
1-Axis-123-Th,Current,Closed
3-Axis-116-Ne,Savings,Active
1-Axis-156-Ea,NRI,Active
4-Axis-172-La,Joint,Closed
1-Axis-139-Ke,NRI,Active
5-Axis-138-La,Joint,Closed
4-Axis-155-Al,Current,Active
4-Axis-153-Da,Joint,Closed
1-Axis-143-Ha,NRI,Active
4-Axis-145-Mi,Joint,Closed
5-Axis-131-Br,NRI,Active
1-Axis-147-Ea,Current,Active
3-Axis-165-So,Current,Active
3-Axis-137-No,NRI,Closed
3-Axis-103-La,Savings,Active
5-Axis-104-Or,NRI,Closed
1-Axis-186-Ea,Savings,Closed
4-Axis-130-Ro,Joint,Dormant
2-Axis-117-Ke,Current,Closed
3-Axis-199-No,Joint,Active
2-Axis-191-So,NRI,Dormant
1-Axis-124-Ma,Joint,Active
3-Axis-151-Ja,Savings,Active
3-Axis-167-Da,NRI,Dormant
2-Axis-164-Fo,NRI,Closed
1-Axis-162-Mo,Joint,Dormant
4-Axis-170-Ea,Savings,Dormant
3-Axis-153-Da,NRI,Active
1-Axis-116-Ne,Savings,Active
4-Axis-196-Za,NRI,Active
5-Axis-116-Ne,Savings,Active
1-Axis-153-Da,Joint,Dormant
5-Axis-127-We,NRI,Active
5-Axis-171-Ne,Savings,Dormant
2-Axis-114-La,Current,Dormant
2-Axis-137-No,Savings,Closed
3-Axis-193-Ne,Savings,Closed
5-Axis-105-So,NRI,Active
5-Axis-144-Ea,Joint,Active
5-Axis-158-Ea,Savings,Closed
1-Axis-177-Ta,NRI,Closed
2-Axis-147-Ea,NRI,Dormant
4-Axis-154-Mi,NRI,Dormant
1-Axis-160-No,Current,Active
4-Axis-175-Ne,Joint,Active
3-Axis-164-Fo,Savings,Active
1-Axis-191-So,NRI,Active
4-Axis-184-Po,Savings,Closed
3-Axis-133-Da,Current,Dormant
2-Axis-172-La,Current,Active
5-Axis-180-Ni,Current,Closed
3-Axis-131-Br,Savings,Dormant
2-Axis-121-Al,NRI,Closed
3-Axis-105-So,Joint,Active
2-Axis-134-No,Savings,Closed
1-Axis-180-Ni,Joint,Closed
1-Axis-127-We,Current,Active
3-Axis-183-La,Joint,Dormant
3-Axis-123-Th,Joint,Active
1-Axis-122-Te,Current,Closed
1-Axis-194-Po,Joint,Active
4-Axis-109-Sa,NRI,Closed
4-Axis-150-La,NRI,Dormant
1-Axis-190-Tu,Current,Closed
3-Axis-169-No,NRI,Active
4-Axis-183-La,NRI,Dormant
2-Axis-178-Po,Current,Active
2-Axis-169-No,Joint,Active
4-Axis-161-We,Joint,Closed
4-Axis-115-We,Savings,Closed
1-Axis-106-Wi,Savings,Active
4-Axis-159-Ag,Current,Closed
5-Axis-183-La,Joint,Closed
3-Axis-182-An,Savings,Closed
1-Axis-144-Ea,NRI,Active
5-Axis-103-La,Joint,Active
3-Axis-173-Ne,Joint,Active
2-Axis-161-We,Joint,Dormant
1-Axis-120-Ea,Savings,Closed
4-Axis-163-Sh,Current,Closed
2-Axis-171-Ne,Savings,Closed
1-Axis-167-Da,NRI,Active
5-Axis-174-We,Current,Dormant
5-Axis-129-Tr,Current,Closed
2-Axis-145-Mi,NRI,Active
2-Axis-111-Me,NRI,Active
1-Axis-118-We,Current,Active
2-Axis-133-Da,Current,Active
2-Axis-181-We,Savings,Dormant
3-Axis-107-Po,NRI,Dormant
3-Axis-162-Mo,Joint,Closed
3-Axis-180-Ni,Current,Dormant
4-Axis-140-St,Savings,Dormant
3-Axis-104-Or,Savings,Active
4-Axis-123-Th,Joint,Dormant
1-Axis-104-Or,NRI,Active
4-Axis-194-Po,NRI,Closed
1-Axis-148-No,NRI,Active
4-Axis-107-Po,Savings,Dormant
5-Axis-191-So,Joint,Closed
2-Axis-102-Jo,Current,Active
4-Axis-128-No,Savings,Closed
3-Axis-119-La,Current,Active
3-Axis-155-Al,NRI,Closed
3-Axis-195-Po,NRI,Active
1-Axis-111-Me,Savings,Active
2-Axis-109-Sa,NRI,Active
2-Axis-182-An,Joint,Active
2-Axis-189-Ne,Current,Dormant
1-Axis-108-Ea,NRI,Closed
5-Axis-128-No,Joint,Dormant
3-Axis-154-Mi,Savings,Active
1-Axis-176-Mu,Savings,Active
3-Axis-163-Sh,NRI,Dormant
3-Axis-113-Ne,Current,Closed
1-Axis-138-La,NRI,Dormant
3-Axis-102-Jo,Joint,Dormant
2-Axis-103-La,Savings,Closed
5-Axis-198-Mc,Current,Closed
5-Axis-110-So,Savings,Closed
1-Axis-171-Ne,Joint,Dormant
5-Axis-166-Ma,NRI,Closed
5-Axis-113-Ne,Current,Active
3-Axis-117-Ke,NRI,Dormant
3-Axis-130-Ro,Joint,Dormant
5-Axis-100-Ea,Joint,Active
3-Axis-135-Ea,NRI,Active
5-Axis-142-Br,Savings,Active
4-Axis-118-We,NRI,Closed
3-Axis-106-Wi,Savings,Dormant
5-Axis-150-La,Savings,Active
1-Axis-159-Ag,Joint,Closed
5-Axis-140-St,Joint,Dormant
1-Axis-110-So,Joint,Dormant
1-Axis-119-La,Joint,Active
1-Axis-129-Tr,Savings,Active
3-Axis-185-Po,NRI,Active
3-Axis-110-So,NRI,Closed
2-Axis-173-Ne,NRI,Dormant
1-Axis-166-Ma,Current,Closed
5-Axis-135-Ea,Joint,Active
3-Axis-129-Tr,Current,Dormant
3-Axis-136-Me,Joint,Active
4-Axis-158-Ea,NRI,Dormant
2-Axis-142-Br,Joint,Closed
2-Axis-123-Th,Current,Closed
5-Axis-121-Al,Savings,Dormant
4-Axis-134-No,Savings,Closed
4-Axis-110-So,NRI,Dormant
5-Axis-196-Za,Savings,Dormant
4-Axis-166-Ma,NRI,Dormant
1-Axis-198-Mc,Current,Dormant
2-Axis-120-Ea,Joint,Closed
3-Axis-134-No,NRI,Active
2-Axis-118-We,Savings,Closed
4-Axis-120-Ea,Joint,Closed
5-Axis-152-Br,Current,Active
3-Axis-118-We,Joint,Dormant
2-Axis-196-Za,Current,Closed
2-Axis-188-Ea,Current,Closed
5-Axis-192-Ca,Savings,Dormant
2-Axis-146-Br,Current,Dormant
1-Axis-196-Za,Joint,Closed
5-Axis-118-We,NRI,Dormant
2-Axis-124-Ma,Current,Active
1-Axis-152-Br,Joint,Dormant
1-Axis-169-No,Savings,Dormant
5-Axis-119-La,NRI,Dormant
4-Axis-111-Me,Current,Dormant
4-Axis-148-No,Current,Dormant
4-Axis-149-Po,Current,Dormant
5-Axis-155-Al,NRI,Closed
1-Axis-136-Me,Joint,Closed
1-Axis-151-Ja,Savings,Dormant
4-Axis-157-Mi,Joint,Dormant
4-Axis-195-Po,Joint,Closed
2-Axis-154-Mi,Joint,Dormant
1-Axis-105-So,Joint,Active
4-Axis-133-Da,Savings,Dormant
5-Axis-156-Ea,Savings,Closed
2-Axis-151-Ja,NRI,Dormant
2-Axis-155-Al,Savings,Closed
4-Axis-177-Ta,Joint,Closed
1-Axis-130-Ro,NRI,Closed
5-Axis-188-Ea,Savings,Closed
5-Axis-199-No,Savings,Dormant
5-Axis-179-Po,Joint,Active
2-Axis-131-Br,Savings,Dormant
2-Axis-128-No,NRI,Active
3-Axis-141-Ho,Current,Closed
1-Axis-102-Jo,NRI,Closed
3-Axis-142-Br,Savings,Active
2-Axis-192-Ca,NRI,Dormant
3-Axis-170-Ea,Current,Dormant
2-Axis-126-So,Savings,Dormant
2-Axis-105-So,Savings,Active
4-Axis-136-Me,Joint,Active
5-Axis-111-Me,Current,Dormant
4-Axis-125-Am,Joint,Dormant
2-Axis-115-We,NRI,Closed
3-Axis-160-No,Current,Dormant
5-Axis-122-Te,Joint,Closed
5-Axis-141-Ho,NRI,Closed
4-Axis-146-Br,NRI,Active
1-Axis-137-No,Joint,Closed
5-Axis-132-Jo,Current,Dormant
4-Kotak-139-Ke,Savings,Dormant
3-Kotak-108-Ea,NRI,Dormant
5-Kotak-141-Ho,Current,Dormant
2-Kotak-141-Ho,NRI,Dormant
3-Kotak-132-Jo,NRI,Closed
5-Kotak-124-Ma,Current,Active
2-Kotak-177-Ta,Savings,Active
4-Kotak-108-Ea,Savings,Closed
2-Kotak-190-Tu,Current,Dormant
5-Kotak-143-Ha,Joint,Closed
4-Kotak-182-An,NRI,Active
1-Kotak-157-Mi,Savings,Active
3-Kotak-124-Ma,Joint,Dormant
4-Kotak-131-Br,Current,Dormant
4-Kotak-121-Al,NRI,Dormant
5-Kotak-192-Ca,NRI,Dormant
5-Kotak-154-Mi,Joint,Closed
3-Kotak-191-So,Current,Closed
5-Kotak-160-No,Savings,Closed
4-Kotak-156-Ea,Joint,Dormant
3-Kotak-176-Mu,Joint,Dormant
3-Kotak-160-No,Joint,Active
2-Kotak-191-So,NRI,Dormant
4-Kotak-166-Ma,Joint,Closed
4-Kotak-193-Ne,Savings,Closed
5-Kotak-174-We,Current,Closed
4-Kotak-101-Ki,Current,Closed
5-Kotak-156-Ea,Joint,Dormant
4-Kotak-172-La,NRI,Dormant
2-Kotak-132-Jo,Joint,Dormant
4-Kotak-189-Ne,NRI,Active
2-Kotak-162-Mo,Current,Active
4-Kotak-115-We,Joint,Dormant
4-Kotak-188-Ea,Joint,Dormant
1-Kotak-100-Ea,Joint,Dormant
4-Kotak-184-Po,Current,Dormant
2-Kotak-163-Sh,Current,Dormant
3-Kotak-183-La,NRI,Closed
2-Kotak-168-Ve,Current,Active
4-Kotak-116-Ne,NRI,Dormant
5-Kotak-139-Ke,Joint,Closed
5-Kotak-112-Sm,Joint,Closed
1-Kotak-117-Ke,Joint,Active
1-Kotak-167-Da,NRI,Closed
5-Kotak-113-Ne,Joint,Dormant
4-Kotak-104-Or,Savings,Closed
2-Kotak-161-We,Savings,Dormant
5-Kotak-132-Jo,Joint,Closed
3-Kotak-125-Am,Savings,Closed
1-Kotak-160-No,Savings,Closed
2-Kotak-167-Da,Current,Dormant
3-Kotak-129-Tr,Current,Dormant
4-Kotak-161-We,Savings,Closed
3-Kotak-180-Ni,NRI,Closed
5-Kotak-191-So,Current,Dormant
2-Kotak-169-No,NRI,Dormant
5-Kotak-190-Tu,Savings,Active
2-Kotak-135-Ea,Current,Dormant
2-Kotak-106-Wi,NRI,Closed
1-Kotak-164-Fo,NRI,Dormant
1-Kotak-173-Ne,NRI,Dormant
3-Kotak-140-St,Joint,Active
3-Kotak-131-Br,NRI,Closed
1-Kotak-113-Ne,NRI,Dormant
4-Kotak-129-Tr,Savings,Active
2-Kotak-105-So,Savings,Closed
1-Kotak-109-Sa,NRI,Dormant
2-Kotak-174-We,NRI,Dormant
4-Kotak-119-La,Current,Active
2-Kotak-188-Ea,Savings,Active
1-Kotak-111-Me,Joint,Closed
1-Kotak-121-Al,NRI,Active
1-Kotak-175-Ne,Joint,Active
4-Kotak-113-Ne,NRI,Closed
1-Kotak-147-Ea,Current,Active
3-Kotak-153-Da,Savings,Dormant
3-Kotak-135-Ea,Joint,Active
3-Kotak-154-Mi,Current,Active
3-Kotak-101-Ki,Joint,Closed
4-Kotak-160-No,Current,Closed
3-Kotak-105-So,NRI,Active
5-Kotak-166-Ma,NRI,Closed
4-Kotak-122-Te,Current,Closed
3-Kotak-172-La,NRI,Closed
5-Kotak-194-Po,Savings,Dormant
1-Kotak-127-We,Savings,Closed
2-Kotak-124-Ma,Joint,Dormant
5-Kotak-198-Mc,Savings,Active
5-Kotak-164-Fo,Savings,Closed
1-Kotak-165-So,Current,Active
5-Kotak-178-Po,Joint,Active
5-Kotak-142-Br,Savings,Closed
3-Kotak-179-Po,Savings,Closed
5-Kotak-122-Te,NRI,Closed
2-Kotak-148-No,Current,Active
3-Kotak-198-Mc,Savings,Closed
3-Kotak-107-Po,NRI,Dormant
4-Kotak-106-Wi,Current,Dormant
5-Kotak-120-Ea,Joint,Closed
2-Kotak-134-No,NRI,Dormant
2-Kotak-196-Za,Current,Closed
4-Kotak-198-Mc,Savings,Active
2-Kotak-181-We,Joint,Closed
1-Kotak-182-An,Savings,Dormant
3-Kotak-173-Ne,NRI,Active
2-Kotak-129-Tr,Joint,Closed
5-Kotak-196-Za,NRI,Dormant
3-Kotak-116-Ne,Savings,Active
3-Kotak-142-Br,Savings,Closed
3-Kotak-187-Ma,NRI,Dormant
2-Kotak-112-Sm,Joint,Dormant
4-Kotak-125-Am,NRI,Closed
2-Kotak-160-No,Savings,Closed
1-Kotak-161-We,Current,Active
4-Kotak-118-We,Joint,Closed
4-Kotak-180-Ni,Current,Dormant
1-Kotak-112-Sm,NRI,Closed
3-Kotak-148-No,NRI,Active
4-Kotak-181-We,Savings,Closed
2-Kotak-184-Po,NRI,Dormant
3-Kotak-197-Po,NRI,Closed
1-Kotak-150-La,Joint,Active
5-Kotak-108-Ea,Current,Dormant
1-Kotak-193-Ne,Current,Closed
5-Kotak-128-No,Joint,Dormant
2-Kotak-192-Ca,Joint,Closed
5-Kotak-182-An,NRI,Dormant
4-Kotak-107-Po,NRI,Dormant
3-Kotak-175-Ne,Current,Closed
4-Kotak-114-La,Savings,Closed
3-Kotak-168-Ve,Savings,Closed
1-Kotak-133-Da,NRI,Active
4-Kotak-151-Ja,Current,Dormant
4-Kotak-149-Po,NRI,Closed
3-Kotak-166-Ma,Joint,Active
5-Kotak-104-Or,Current,Dormant
2-Kotak-197-Po,Current,Closed
1-Kotak-187-Ma,NRI,Active
4-Kotak-126-So,Savings,Dormant
1-Kotak-183-La,Current,Closed
2-Kotak-146-Br,Current,Active
5-Kotak-144-Ea,Current,Dormant
5-Kotak-197-Po,Joint,Dormant
1-Kotak-192-Ca,NRI,Closed
1-Kotak-142-Br,Savings,Active
1-Kotak-129-Tr,Current,Active
3-Kotak-109-Sa,Current,Active
1-Kotak-155-Al,Current,Closed
4-Kotak-133-Da,Current,Active
3-Kotak-164-Fo,Joint,Dormant
5-Kotak-105-So,Savings,Closed
5-Kotak-169-No,Savings,Active
4-Kotak-142-Br,Current,Closed
5-Kotak-115-We,Savings,Closed
4-Kotak-162-Mo,Current,Closed
1-Kotak-104-Or,Joint,Active
1-Kotak-126-So,Savings,Active
5-Kotak-125-Am,NRI,Closed
1-Kotak-115-We,Savings,Active
5-Kotak-189-Ne,Current,Closed
5-Kotak-127-We,Savings,Active
2-Kotak-144-Ea,NRI,Closed
5-Kotak-118-We,Joint,Active
3-Kotak-112-Sm,Current,Closed
3-Kotak-174-We,NRI,Closed
2-Kotak-173-Ne,NRI,Closed
1-Kotak-197-Po,Current,Dormant
2-Kotak-122-Te,Joint,Active
1-Kotak-139-Ke,Current,Dormant
3-Kotak-163-Sh,Savings,Active
5-Kotak-158-Ea,Joint,Dormant
2-Kotak-119-La,Joint,Active
1-Kotak-123-Th,Current,Active
5-Kotak-145-Mi,Savings,Active
1-Kotak-191-So,Current,Active
3-Kotak-147-Ea,Current,Closed
4-Kotak-153-Da,Joint,Active
2-Kotak-120-Ea,Joint,Closed
2-Kotak-130-Ro,NRI,Active
2-Kotak-186-Ea,Joint,Dormant
4-Kotak-143-Ha,Current,Closed
5-Kotak-163-Sh,Savings,Dormant
5-Kotak-193-Ne,Joint,Active
1-Kotak-141-Ho,NRI,Dormant
1-Kotak-199-No,NRI,Dormant
5-Kotak-137-No,Savings,Active
2-Kotak-158-Ea,Savings,Active
1-Kotak-168-Ve,Savings,Dormant
3-Kotak-169-No,Savings,Dormant
5-Kotak-148-No,Current,Dormant
4-Kotak-177-Ta,Joint,Dormant
4-Kotak-110-So,NRI,Dormant
1-Kotak-101-Ki,Current,Closed
1-Kotak-194-Po,NRI,Dormant
3-Kotak-126-So,NRI,Dormant
3-Kotak-115-We,Current,Active
1-Kotak-163-Sh,Current,Dormant
2-Kotak-165-So,Savings,Dormant
1-Kotak-148-No,Current,Active
1-Kotak-189-Ne,Savings,Closed
1-Kotak-172-La,Current,Closed
1-Kotak-151-Ja,Current,Active
2-Kotak-104-Or,Savings,Active
4-Kotak-135-Ea,Savings,Dormant
5-Kotak-106-Wi,Current,Active
5-Kotak-195-Po,Joint,Dormant
1-Kotak-130-Ro,Current,Dormant
5-Kotak-147-Ea,NRI,Active
1-Kotak-105-So,Joint,Dormant
2-Kotak-128-No,Savings,Dormant
2-Kotak-108-Ea,Savings,Active
2-Kotak-183-La,Joint,Dormant
1-Kotak-110-So,Savings,Closed
3-Kotak-118-We,NRI,Closed
5-Kotak-186-Ea,Joint,Active
1-Kotak-169-No,Savings,Dormant
4-Kotak-194-Po,Joint,Closed
2-Kotak-114-La,Current,Active
1-Kotak-158-Ea,Joint,Dormant
4-Kotak-173-Ne,NRI,Active
2-Kotak-159-Ag,Joint,Active
3-Kotak-127-We,NRI,Dormant
2-Kotak-145-Mi,Joint,Dormant
1-Kotak-136-Me,NRI,Closed
2-Kotak-147-Ea,NRI,Active
1-Kotak-177-Ta,Savings,Closed
3-Kotak-170-Ea,NRI,Closed
5-Kotak-135-Ea,Current,Dormant
5-Kotak-181-We,Savings,Active
4-Kotak-178-Po,NRI,Active
4-Kotak-147-Ea,Current,Active
4-Kotak-140-St,Savings,Active
1-Kotak-162-Mo,Joint,Closed
3-Kotak-117-Ke,NRI,Active
3-Kotak-171-Ne,NRI,Dormant
4-Kotak-102-Jo,Savings,Closed
1-Kotak-153-Da,Current,Closed
3-Kotak-113-Ne,NRI,Closed
4-Kotak-109-Sa,NRI,Active
2-Kotak-182-An,Joint,Closed
4-Kotak-165-So,Current,Closed
3-Kotak-102-Jo,Joint,Closed
1-Kotak-114-La,Joint,Active
4-Kotak-163-Sh,Current,Dormant
3-Kotak-146-Br,Joint,Dormant
4-Kotak-191-So,NRI,Dormant
2-Kotak-137-No,NRI,Closed
3-Kotak-103-La,Current,Closed
1-Kotak-125-Am,Savings,Active
4-Kotak-154-Mi,Savings,Closed
4-Kotak-145-Mi,NRI,Dormant
4-Kotak-132-Jo,Joint,Dormant
1-Kotak-120-Ea,Joint,Active
4-Kotak-120-Ea,Current,Active
4-Kotak-175-Ne,NRI,Active
3-Kotak-181-We,Savings,Closed
4-Kotak-144-Ea,Joint,Dormant
4-Kotak-170-Ea,Savings,Dormant
5-Kotak-152-Br,NRI,Dormant
1-Kotak-152-Br,Current,Closed
3-Kotak-143-Ha,Current,Closed
5-Kotak-138-La,Savings,Dormant
3-Kotak-178-Po,Current,Closed
4-Kotak-138-La,Savings,Dormant
1-Kotak-174-We,NRI,Closed
4-Kotak-124-Ma,NRI,Active
2-Kotak-156-Ea,Joint,Dormant
5-Kotak-199-No,NRI,Closed
4-Kotak-103-La,Joint,Closed
4-Kotak-137-No,Current,Closed
1-Kotak-176-Mu,Joint,Dormant
2-Kotak-154-Mi,NRI,Dormant
4-Kotak-164-Fo,Joint,Closed
3-Kotak-156-Ea,Savings,Dormant
3-Kotak-185-Po,Current,Active
2-Kotak-126-So,NRI,Dormant
3-Kotak-195-Po,NRI,Closed
4-Kotak-171-Ne,Savings,Active
1-Kotak-181-We,NRI,Dormant
2-Kotak-103-La,Savings,Active
4-Kotak-155-Al,Savings,Closed
2-Kotak-115-We,Joint,Active
2-Kotak-193-Ne,Joint,Active
3-Kotak-130-Ro,NRI,Active
5-Kotak-149-Po,NRI,Closed
1-Kotak-140-St,NRI,Active
4-Kotak-195-Po,Savings,Closed
2-Kotak-179-Po,Savings,Active
3-Kotak-190-Tu,NRI,Active
3-Kotak-194-Po,NRI,Active
1-Kotak-196-Za,Savings,Closed
1-Kotak-118-We,Savings,Dormant
2-Kotak-176-Mu,Savings,Dormant
5-Kotak-159-Ag,Savings,Active
3-Kotak-134-No,NRI,Closed
3-Kotak-186-Ea,NRI,Dormant
3-Kotak-144-Ea,Current,Active
4-Kotak-167-Da,Savings,Dormant
5-Kotak-171-Ne,NRI,Active
4-Kotak-197-Po,Savings,Closed
3-Kotak-122-Te,Savings,Dormant
2-Kotak-101-Ki,Joint,Active
2-Kotak-142-Br,Savings,Closed
5-Kotak-170-Ea,Joint,Closed
5-Kotak-185-Po,NRI,Closed
4-Kotak-127-We,Joint,Dormant
1-Kotak-131-Br,NRI,Closed
2-Kotak-170-Ea,Savings,Closed
1-Kotak-171-Ne,Savings,Active
1-Kotak-106-Wi,Current,Closed
3-Kotak-184-Po,Joint,Closed
5-Kotak-172-La,Savings,Closed
3-Kotak-141-Ho,NRI,Closed
2-Kotak-110-So,Joint,Active
4-Kotak-186-Ea,NRI,Closed
4-Kotak-196-Za,NRI,Dormant
3-Kotak-150-La,NRI,Active
4-Kotak-146-Br,Current,Closed
3-Kotak-152-Br,Current,Closed
1-Kotak-166-Ma,Joint,Dormant
3-Kotak-182-An,Current,Closed
4-Kotak-190-Tu,NRI,Dormant
2-Kotak-136-Me,Joint,Closed
1-Kotak-145-Mi,Current,Closed
1-Kotak-179-Po,Current,Active
3-Kotak-155-Al,Current,Closed
5-Kotak-177-Ta,Savings,Dormant
1-Kotak-195-Po,Current,Active
4-Kotak-192-Ca,NRI,Closed
1-Kotak-122-Te,Savings,Active
1-Kotak-185-Po,Current,Closed
4-Kotak-130-Ro,NRI,Dormant
4-Kotak-150-La,NRI,Closed
2-Kotak-138-La,Joint,Closed
5-Kotak-168-Ve,NRI,Active
1-Kotak-119-La,Savings,Dormant
1-Kotak-102-Jo,Current,Dormant
5-Kotak-173-Ne,Savings,Active
4-Kotak-179-Po,Joint,Dormant
2-Kotak-123-Th,Current,Dormant
5-Kotak-101-Ki,Savings,Active
2-Kotak-198-Mc,Savings,Active
1-Kotak-170-Ea,Current,Active
4-Kotak-199-No,Joint,Closed
1-Kotak-186-Ea,Savings,Dormant
4-Kotak-128-No,Joint,Active
4-Kotak-168-Ve,Savings,Closed
4-Kotak-141-Ho,NRI,Active
2-Kotak-100-Ea,Current,Dormant
3-Kotak-119-La,Joint,Closed
4-Kotak-134-No,NRI,Dormant
5-Kotak-133-Da,Current,Closed
3-Kotak-128-No,Current,Dormant
1-Kotak-190-Tu,Savings,Active
3-Kotak-100-Ea,Joint,Closed
2-Kotak-157-Mi,Savings,Active
5-Kotak-153-Da,Current,Active
5-Kotak-180-Ni,NRI,Active
4-Kotak-123-Th,Current,Dormant
3-Kotak-158-Ea,Current,Closed
1-Kotak-107-Po,NRI,Dormant
2-Kotak-189-Ne,Current,Active
2-Kotak-194-Po,Savings,Dormant
2-Kotak-155-Al,Joint,Closed
5-Kotak-140-St,NRI,Dormant
4-Kotak-185-Po,Current,Dormant
4-Kotak-152-Br,Savings,Closed
4-Kotak-100-Ea,Current,Dormant
2-Kotak-151-Ja,Current,Closed
5-Kotak-187-Ma,Savings,Closed
5-Kotak-114-La,Current,Closed
3-Kotak-177-Ta,Joint,Closed
4-Kotak-157-Mi,Savings,Active
2-Kotak-139-Ke,Joint,Closed
3-Kotak-157-Mi,Savings,Closed
2-Kotak-166-Ma,Current,Closed
1-Kotak-137-No,Current,Active
4-Kotak-183-La,Savings,Active
1-Kotak-134-No,Savings,Active
2-Kotak-195-Po,Joint,Dormant
5-Kotak-175-Ne,Current,Active
4-Kotak-117-Ke,Savings,Dormant
2-Kotak-180-Ni,Current,Dormant
1-Kotak-144-Ea,NRI,Closed
3-Kotak-193-Ne,Current,Dormant
2-Kotak-133-Da,Current,Dormant
2-Kotak-172-La,Current,Dormant
4-Kotak-187-Ma,Savings,Active
1-Kotak-184-Po,Current,Dormant
3-Kotak-121-Al,NRI,Closed
5-Kotak-184-Po,Joint,Active
5-Kotak-146-Br,Savings,Active
5-Kotak-188-Ea,NRI,Dormant
3-Kotak-165-So,NRI,Active
4-Kotak-176-Mu,Joint,Closed
5-Kotak-103-La,Current,Active
2-Kotak-127-We,Joint,Closed
3-Kotak-123-Th,Savings,Active
1-Kotak-180-Ni,Savings,Dormant
1-Kotak-103-La,Savings,Active
5-Kotak-167-Da,NRI,Active
3-Kotak-151-Ja,NRI,Dormant
1-Kotak-154-Mi,Savings,Closed
1-Kotak-149-Po,NRI,Closed
2-Kotak-121-Al,Savings,Dormant
5-Kotak-111-Me,Savings,Active
5-Kotak-155-Al,Joint,Closed
1-Kotak-135-Ea,Current,Dormant
3-Kotak-136-Me,Current,Closed
2-Kotak-117-Ke,Current,Closed
1-Kotak-132-Jo,Joint,Dormant
2-Kotak-150-La,Joint,Closed
5-Kotak-117-Ke,Current,Closed
3-Kotak-167-Da,Joint,Active
3-Kotak-189-Ne,Joint,Dormant
2-Kotak-149-Po,Current,Closed
3-Kotak-188-Ea,Joint,Closed
1-Kotak-138-La,Savings,Dormant
2-Kotak-113-Ne,NRI,Active
3-Kotak-199-No,Joint,Active
3-Kotak-137-No,Savings,Closed
2-Kotak-199-No,NRI,Dormant
2-Kotak-153-Da,Current,Dormant
2-Kotak-111-Me,NRI,Dormant
2-Kotak-171-Ne,NRI,Closed
4-Kotak-112-Sm,Joint,Closed
5-Kotak-116-Ne,NRI,Dormant
2-Kotak-187-Ma,NRI,Dormant
5-Kotak-157-Mi,Current,Closed
4-Kotak-105-So,Current,Closed
4-Kotak-169-No,Current,Closed
5-Kotak-110-So,Current,Active
3-Kotak-120-Ea,Joint,Active
3-Kotak-106-Wi,Savings,Closed
2-Kotak-143-Ha,Joint,Dormant
3-Kotak-138-La,NRI,Active
5-Kotak-129-Tr,Current,Active
3-Kotak-196-Za,Savings,Active
3-Kotak-159-Ag,Savings,Closed
3-Kotak-110-So,NRI,Closed
5-Kotak-126-So,Joint,Dormant
2-Kotak-131-Br,NRI,Active
2-Kotak-185-Po,Current,Closed
1-Kotak-156-Ea,Joint,Dormant
5-Kotak-131-Br,NRI,Closed
5-Kotak-179-Po,NRI,Active
5-Kotak-136-Me,Current,Closed
3-Kotak-162-Mo,Current,Dormant
5-Kotak-130-Ro,Joint,Dormant
2-Kotak-164-Fo,NRI,Closed
5-Kotak-183-La,Current,Active
3-Kotak-111-Me,Savings,Active
1-Kotak-108-Ea,Joint,Dormant
3-Kotak-104-Or,Joint,Closed
5-Kotak-134-No,NRI,Dormant
5-Kotak-107-Po,Savings,Closed
3-Kotak-139-Ke,NRI,Dormant
1-Kotak-116-Ne,Current,Dormant
5-Kotak-162-Mo,Joint,Active
5-Kotak-150-La,Joint,Closed
2-Kotak-178-Po,NRI,Active
5-Kotak-121-Al,Current,Dormant
3-Kotak-114-La,NRI,Dormant
3-Kotak-192-Ca,Current,Active
2-Kotak-116-Ne,Current,Active
3-Kotak-161-We,NRI,Dormant
2-Kotak-102-Jo,Savings,Active
1-Kotak-188-Ea,NRI,Active
1-Kotak-178-Po,Savings,Active
1-Kotak-128-No,Joint,Active
2-Kotak-118-We,NRI,Dormant
3-Kotak-133-Da,Current,Closed
4-Kotak-159-Ag,Current,Closed
5-Kotak-165-So,Current,Closed
5-Kotak-119-La,Savings,Dormant
2-Kotak-140-St,Current,Active
4-Kotak-174-We,Savings,Closed
1-Kotak-143-Ha,NRI,Closed
1-Kotak-146-Br,Joint,Active
5-Kotak-151-Ja,Current,Dormant
5-Kotak-109-Sa,Savings,Active
4-Kotak-136-Me,Joint,Active
2-Kotak-125-Am,Savings,Closed
2-Kotak-152-Br,Savings,Closed
1-Kotak-198-Mc,Savings,Closed
1-Kotak-159-Ag,Current,Closed
4-Kotak-148-No,NRI,Closed
4-Kotak-158-Ea,Joint,Closed
5-Kotak-102-Jo,Joint,Dormant
2-Kotak-109-Sa,Savings,Closed
1-Kotak-124-Ma,Joint,Closed
2-Kotak-175-Ne,Savings,Closed
5-Kotak-176-Mu,Current,Closed
3-Kotak-149-Po,NRI,Closed
3-Kotak-145-Mi,Current,Closed
5-Kotak-100-Ea,Savings,Active
4-Kotak-111-Me,Joint,Closed
5-Kotak-161-We,Savings,Dormant
4-HDFC-118-We,NRI,Dormant
4-HDFC-124-Ma,Savings,Closed
1-HDFC-169-No,Savings,Active
1-HDFC-196-Za,Savings,Active
1-HDFC-188-Ea,Joint,Dormant
3-HDFC-186-Ea,Joint,Closed
3-HDFC-148-No,Savings,Closed
5-HDFC-116-Ne,NRI,Dormant
3-HDFC-120-Ea,Joint,Closed
5-HDFC-142-Br,Joint,Closed
5-HDFC-183-La,Current,Active
1-HDFC-175-Ne,Savings,Dormant
4-HDFC-176-Mu,Joint,Closed
1-HDFC-181-We,Joint,Closed
3-HDFC-121-Al,Current,Dormant
2-HDFC-162-Mo,Current,Closed
3-HDFC-123-Th,Joint,Closed
4-HDFC-132-Jo,Current,Closed
3-HDFC-166-Ma,Joint,Dormant
4-HDFC-180-Ni,NRI,Active
2-HDFC-195-Po,Joint,Dormant
2-HDFC-116-Ne,Savings,Active
5-HDFC-147-Ea,NRI,Dormant
3-HDFC-143-Ha,Savings,Closed
5-HDFC-124-Ma,Savings,Dormant
1-HDFC-171-Ne,Savings,Closed
1-HDFC-198-Mc,Current,Dormant
1-HDFC-159-Ag,Current,Active
1-HDFC-128-No,NRI,Closed
1-HDFC-111-Me,NRI,Closed
3-HDFC-199-No,Current,Active
5-HDFC-108-Ea,Joint,Closed
5-HDFC-189-Ne,Joint,Dormant
4-HDFC-185-Po,Joint,Active
1-HDFC-152-Br,Joint,Active
2-HDFC-160-No,Savings,Active
4-HDFC-130-Ro,NRI,Active
4-HDFC-147-Ea,Current,Closed
3-HDFC-193-Ne,Current,Closed
4-HDFC-178-Po,Current,Active
2-HDFC-146-Br,NRI,Closed
5-HDFC-132-Jo,Savings,Closed
4-HDFC-166-Ma,NRI,Closed
3-HDFC-197-Po,Savings,Closed
1-HDFC-163-Sh,Joint,Closed
1-HDFC-143-Ha,NRI,Closed
4-HDFC-104-Or,NRI,Closed
5-HDFC-193-Ne,Joint,Closed
3-HDFC-161-We,NRI,Active
5-HDFC-178-Po,Joint,Closed
2-HDFC-138-La,Current,Closed
3-HDFC-171-Ne,Savings,Dormant
3-HDFC-141-Ho,NRI,Active
4-HDFC-191-So,Joint,Dormant
2-HDFC-120-Ea,Savings,Active
4-HDFC-146-Br,NRI,Closed
2-HDFC-173-Ne,Joint,Dormant
2-HDFC-127-We,Joint,Closed
1-HDFC-120-Ea,Joint,Closed
4-HDFC-127-We,Current,Dormant
2-HDFC-185-Po,Current,Dormant
2-HDFC-118-We,Savings,Closed
3-HDFC-162-Mo,Current,Closed
1-HDFC-151-Ja,Joint,Dormant
3-HDFC-137-No,Joint,Closed
4-HDFC-145-Mi,Savings,Active
4-HDFC-123-Th,NRI,Dormant
2-HDFC-191-So,Savings,Active
5-HDFC-144-Ea,Joint,Dormant
3-HDFC-176-Mu,Joint,Closed
4-HDFC-108-Ea,Current,Dormant
2-HDFC-108-Ea,Savings,Dormant
2-HDFC-194-Po,Current,Dormant
5-HDFC-192-Ca,NRI,Active
3-HDFC-139-Ke,Savings,Dormant
3-HDFC-173-Ne,Current,Closed
3-HDFC-151-Ja,Current,Dormant
2-HDFC-103-La,Current,Dormant
2-HDFC-102-Jo,Savings,Active
3-HDFC-112-Sm,Joint,Dormant
1-HDFC-107-Po,Current,Dormant
4-HDFC-172-La,NRI,Dormant
1-HDFC-100-Ea,Joint,Dormant
3-HDFC-113-Ne,Savings,Dormant
2-HDFC-175-Ne,Current,Closed
2-HDFC-135-Ea,Joint,Active
4-HDFC-135-Ea,Current,Closed
5-HDFC-115-We,Savings,Dormant
1-HDFC-110-So,NRI,Dormant
5-HDFC-197-Po,NRI,Active
2-HDFC-189-Ne,Savings,Closed
2-HDFC-166-Ma,Savings,Dormant
4-HDFC-183-La,Savings,Dormant
3-HDFC-130-Ro,Joint,Dormant
5-HDFC-164-Fo,NRI,Active
2-HDFC-188-Ea,Savings,Active
5-HDFC-179-Po,Savings,Closed
2-HDFC-183-La,NRI,Active
2-HDFC-137-No,NRI,Active
4-HDFC-101-Ki,Savings,Closed
4-HDFC-153-Da,Joint,Closed
4-HDFC-192-Ca,NRI,Active
1-HDFC-106-Wi,Joint,Dormant
5-HDFC-148-No,Joint,Closed
1-HDFC-139-Ke,Savings,Active
1-HDFC-144-Ea,NRI,Dormant
3-HDFC-160-No,Savings,Dormant
2-HDFC-133-Da,NRI,Active
2-HDFC-107-Po,Joint,Active
1-HDFC-131-Br,Current,Closed
4-HDFC-117-Ke,Current,Dormant
4-HDFC-139-Ke,Current,Active
2-HDFC-174-We,Savings,Active
3-HDFC-155-Al,Joint,Active
5-HDFC-136-Me,Savings,Active
2-HDFC-154-Mi,Savings,Active
3-HDFC-109-Sa,Current,Active
2-HDFC-179-Po,NRI,Active
3-HDFC-188-Ea,Current,Closed
1-HDFC-162-Mo,NRI,Active
1-HDFC-133-Da,NRI,Closed
4-HDFC-177-Ta,Savings,Dormant
5-HDFC-117-Ke,Savings,Active
4-HDFC-160-No,Savings,Closed
3-HDFC-184-Po,Current,Active
4-HDFC-194-Po,Current,Closed
4-HDFC-122-Te,NRI,Closed
4-HDFC-163-Sh,Joint,Dormant
5-HDFC-137-No,Joint,Active
2-HDFC-168-Ve,NRI,Closed
4-HDFC-129-Tr,Savings,Dormant
4-HDFC-115-We,Savings,Dormant
3-HDFC-153-Da,Joint,Active
3-HDFC-158-Ea,Savings,Active
1-HDFC-192-Ca,NRI,Closed
4-HDFC-105-So,Current,Active
1-HDFC-104-Or,Savings,Active
3-HDFC-100-Ea,Current,Closed
2-HDFC-113-Ne,Savings,Active
1-HDFC-182-An,Current,Dormant
2-HDFC-130-Ro,Savings,Dormant
3-HDFC-150-La,Savings,Dormant
1-HDFC-178-Po,Savings,Closed
4-HDFC-131-Br,Current,Dormant
4-HDFC-156-Ea,Savings,Dormant
2-HDFC-157-Mi,NRI,Dormant
3-HDFC-125-Am,Joint,Active
1-HDFC-147-Ea,Joint,Active
2-HDFC-140-St,NRI,Active
1-HDFC-124-Ma,NRI,Closed
1-HDFC-153-Da,Savings,Dormant
5-HDFC-156-Ea,NRI,Dormant
1-HDFC-103-La,Savings,Active
1-HDFC-195-Po,NRI,Active
1-HDFC-197-Po,NRI,Dormant
1-HDFC-140-St,Joint,Active
5-HDFC-167-Da,NRI,Closed
2-HDFC-165-So,Current,Active
3-HDFC-118-We,Current,Active
5-HDFC-186-Ea,Joint,Active
3-HDFC-124-Ma,Savings,Closed
5-HDFC-146-Br,Current,Active
3-HDFC-170-Ea,Current,Active
4-HDFC-102-Jo,Savings,Closed
4-HDFC-186-Ea,Current,Closed
2-HDFC-132-Jo,Joint,Dormant
3-HDFC-127-We,Current,Dormant
5-HDFC-121-Al,Savings,Closed
2-HDFC-129-Tr,NRI,Dormant
5-HDFC-113-Ne,Savings,Dormant
2-HDFC-172-La,Savings,Closed
5-HDFC-191-So,Savings,Closed
3-HDFC-178-Po,Joint,Dormant
4-HDFC-197-Po,NRI,Active
1-HDFC-142-Br,Joint,Dormant
1-HDFC-102-Jo,NRI,Closed
1-HDFC-122-Te,NRI,Closed
2-HDFC-119-La,Joint,Closed
3-HDFC-114-La,NRI,Dormant
4-HDFC-179-Po,Joint,Closed
1-HDFC-170-Ea,Current,Active
3-HDFC-154-Mi,Joint,Dormant
5-HDFC-182-An,Savings,Dormant
3-HDFC-102-Jo,Current,Closed
3-HDFC-115-We,Joint,Closed
4-HDFC-142-Br,Joint,Closed
1-HDFC-186-Ea,Savings,Dormant
4-HDFC-114-La,Savings,Closed
5-HDFC-157-Mi,Joint,Active
4-HDFC-181-We,Current,Active
1-HDFC-105-So,Joint,Dormant
5-HDFC-145-Mi,Current,Dormant
5-HDFC-105-So,NRI,Active
5-HDFC-119-La,NRI,Active
4-HDFC-164-Fo,Current,Closed
1-HDFC-190-Tu,NRI,Active
4-HDFC-195-Po,Savings,Closed
2-HDFC-128-No,Current,Dormant
1-HDFC-145-Mi,Joint,Active
4-HDFC-110-So,Joint,Closed
2-HDFC-117-Ke,NRI,Closed
5-HDFC-155-Al,Savings,Active
1-HDFC-155-Al,NRI,Dormant
3-HDFC-156-Ea,Current,Closed
3-HDFC-168-Ve,NRI,Closed
4-HDFC-165-So,Current,Closed
4-HDFC-187-Ma,NRI,Active
1-HDFC-189-Ne,Savings,Dormant
1-HDFC-115-We,Joint,Dormant
2-HDFC-105-So,Joint,Closed
2-HDFC-151-Ja,NRI,Closed
1-HDFC-154-Mi,Joint,Dormant
3-HDFC-175-Ne,Joint,Dormant
4-HDFC-148-No,Current,Closed
5-HDFC-171-Ne,NRI,Dormant
3-HDFC-194-Po,Current,Closed
3-HDFC-195-Po,Savings,Active
5-HDFC-170-Ea,NRI,Dormant
5-HDFC-195-Po,Current,Closed
4-HDFC-155-Al,Joint,Active
5-HDFC-162-Mo,Joint,Closed
5-HDFC-154-Mi,Savings,Active
5-HDFC-173-Ne,Joint,Active
1-HDFC-165-So,Joint,Closed
3-HDFC-145-Mi,Joint,Active
1-HDFC-121-Al,Joint,Closed
4-HDFC-144-Ea,Current,Closed
5-HDFC-109-Sa,NRI,Dormant
2-HDFC-186-Ea,Joint,Closed
5-HDFC-150-La,NRI,Active
2-HDFC-142-Br,Savings,Active
4-HDFC-103-La,Savings,Closed
5-HDFC-123-Th,Joint,Closed
4-HDFC-190-Tu,Current,Dormant
5-HDFC-153-Da,Current,Closed
3-HDFC-146-Br,NRI,Active
1-HDFC-129-Tr,Joint,Dormant
3-HDFC-140-St,NRI,Active
1-HDFC-158-Ea,Joint,Closed
2-HDFC-139-Ke,NRI,Dormant
2-HDFC-144-Ea,Joint,Closed
4-HDFC-121-Al,Savings,Closed
1-HDFC-114-La,Current,Dormant
2-HDFC-163-Sh,NRI,Active
3-HDFC-144-Ea,NRI,Closed
5-HDFC-102-Jo,Current,Active
1-HDFC-135-Ea,Current,Dormant
3-HDFC-163-Sh,NRI,Closed
1-HDFC-126-So,Savings,Dormant
4-HDFC-182-An,Current,Closed
1-HDFC-199-No,NRI,Active
5-HDFC-175-Ne,Joint,Closed
5-HDFC-134-No,NRI,Active
2-HDFC-147-Ea,NRI,Active
2-HDFC-196-Za,Joint,Closed
2-HDFC-199-No,Current,Active
5-HDFC-122-Te,Joint,Active
4-HDFC-112-Sm,Current,Closed
3-HDFC-105-So,Current,Closed
1-HDFC-118-We,Current,Active
5-HDFC-120-Ea,Current,Dormant
2-HDFC-156-Ea,Savings,Dormant
2-HDFC-101-Ki,Joint,Closed
5-HDFC-138-La,NRI,Dormant
1-HDFC-160-No,Savings,Active
1-HDFC-117-Ke,NRI,Active
4-HDFC-158-Ea,Current,Dormant
4-HDFC-199-No,Current,Dormant
5-HDFC-140-St,Savings,Dormant
4-HDFC-111-Me,Savings,Dormant
4-HDFC-119-La,Current,Dormant
4-HDFC-133-Da,Savings,Closed
4-HDFC-120-Ea,NRI,Active
3-HDFC-182-An,NRI,Active
4-HDFC-140-St,Savings,Dormant
4-HDFC-198-Mc,Joint,Dormant
5-HDFC-185-Po,Joint,Dormant
5-HDFC-165-So,Savings,Dormant
1-HDFC-168-Ve,NRI,Closed
1-HDFC-156-Ea,Savings,Closed
2-HDFC-159-Ag,Joint,Closed
1-HDFC-141-Ho,Joint,Closed
2-HDFC-150-La,Joint,Dormant
2-HDFC-164-Fo,Current,Closed
3-HDFC-164-Fo,Current,Active
4-HDFC-138-La,NRI,Dormant
4-HDFC-107-Po,Savings,Closed
4-HDFC-175-Ne,Current,Dormant
2-HDFC-148-No,Joint,Closed
3-HDFC-135-Ea,Savings,Dormant
2-HDFC-184-Po,NRI,Closed
2-HDFC-124-Ma,Current,Closed
1-HDFC-137-No,Current,Active
2-HDFC-136-Me,Savings,Dormant
1-HDFC-136-Me,NRI,Closed
3-HDFC-133-Da,Joint,Closed
1-HDFC-130-Ro,Savings,Active
2-HDFC-143-Ha,Savings,Active
1-HDFC-193-Ne,Joint,Active
5-HDFC-180-Ni,Savings,Dormant
5-HDFC-110-So,Savings,Closed
2-HDFC-177-Ta,Current,Dormant
4-HDFC-157-Mi,NRI,Dormant
5-HDFC-128-No,Current,Dormant
2-HDFC-182-An,Savings,Dormant
3-HDFC-191-So,Savings,Closed
4-HDFC-100-Ea,NRI,Dormant
3-HDFC-104-Or,Savings,Closed
5-HDFC-133-Da,Savings,Closed
5-HDFC-177-Ta,NRI,Closed
1-HDFC-187-Ma,NRI,Active
2-HDFC-180-Ni,Savings,Dormant
4-HDFC-171-Ne,Savings,Active
4-HDFC-116-Ne,Current,Dormant
3-HDFC-189-Ne,Current,Active
2-HDFC-193-Ne,NRI,Active
2-HDFC-134-No,Current,Closed
5-HDFC-103-La,Current,Active
2-HDFC-126-So,Joint,Dormant
1-HDFC-167-Da,Current,Closed
5-HDFC-127-We,Savings,Dormant
5-HDFC-104-Or,Savings,Closed
2-HDFC-161-We,Joint,Dormant
3-HDFC-126-So,Joint,Closed
3-HDFC-187-Ma,Savings,Active
2-HDFC-181-We,Joint,Active
4-HDFC-136-Me,Current,Closed
1-HDFC-149-Po,Savings,Active
4-HDFC-137-No,NRI,Dormant
5-HDFC-181-We,Savings,Dormant
2-HDFC-169-No,Current,Closed
2-HDFC-125-Am,Joint,Dormant
5-HDFC-101-Ki,Joint,Active
4-HDFC-126-So,Joint,Dormant
2-HDFC-145-Mi,NRI,Dormant
2-HDFC-192-Ca,Savings,Active
2-HDFC-171-Ne,Joint,Dormant
2-HDFC-190-Tu,Savings,Closed
4-HDFC-125-Am,NRI,Active
2-HDFC-167-Da,Savings,Active
4-HDFC-152-Br,Savings,Closed
5-HDFC-187-Ma,Savings,Closed
3-HDFC-165-So,Joint,Closed
5-HDFC-114-La,Savings,Dormant
5-HDFC-172-La,Current,Dormant
5-HDFC-129-Tr,Current,Active
2-HDFC-149-Po,NRI,Closed
5-HDFC-106-Wi,NRI,Dormant
3-HDFC-131-Br,Joint,Active
4-HDFC-193-Ne,NRI,Active
4-HDFC-188-Ea,Savings,Dormant
2-HDFC-176-Mu,NRI,Closed
5-HDFC-190-Tu,Joint,Active
5-HDFC-194-Po,NRI,Active
1-HDFC-174-We,Current,Active
5-HDFC-131-Br,Joint,Dormant
3-HDFC-101-Ki,Current,Closed
1-HDFC-119-La,NRI,Dormant
1-HDFC-138-La,NRI,Closed
2-HDFC-111-Me,Current,Dormant
1-HDFC-191-So,NRI,Active
1-HDFC-108-Ea,Savings,Closed
4-HDFC-143-Ha,NRI,Closed
3-HDFC-174-We,Joint,Closed
4-HDFC-184-Po,Joint,Dormant
3-HDFC-122-Te,Savings,Closed
5-HDFC-169-No,Joint,Closed
4-HDFC-113-Ne,NRI,Closed
1-HDFC-166-Ma,NRI,Closed
4-HDFC-159-Ag,Joint,Active
3-HDFC-192-Ca,Savings,Closed
3-HDFC-152-Br,Joint,Dormant
1-HDFC-116-Ne,Current,Closed
2-HDFC-109-Sa,Savings,Dormant
4-HDFC-154-Mi,Joint,Dormant
5-HDFC-168-Ve,Joint,Active
4-HDFC-161-We,Savings,Dormant
4-HDFC-151-Ja,Joint,Dormant
1-HDFC-132-Jo,NRI,Closed
3-HDFC-179-Po,Joint,Closed
3-HDFC-159-Ag,Current,Closed
2-HDFC-155-Al,Savings,Closed
2-HDFC-187-Ma,Savings,Active
3-HDFC-183-La,Joint,Active
5-HDFC-139-Ke,Joint,Closed
5-HDFC-199-No,NRI,Closed
4-HDFC-173-Ne,Savings,Active
5-HDFC-111-Me,Savings,Dormant
2-HDFC-131-Br,Current,Dormant
3-HDFC-117-Ke,NRI,Active
1-HDFC-172-La,NRI,Active
1-HDFC-180-Ni,Current,Active
3-HDFC-132-Jo,Current,Dormant
4-HDFC-149-Po,Savings,Closed
1-HDFC-185-Po,Savings,Closed
4-HDFC-170-Ea,Current,Active
2-HDFC-104-Or,Savings,Active
1-HDFC-127-We,Savings,Closed
4-HDFC-128-No,Savings,Closed
3-HDFC-134-No,Joint,Closed
5-HDFC-152-Br,Joint,Closed
5-HDFC-160-No,Savings,Active
2-HDFC-152-Br,Current,Active
5-HDFC-135-Ea,NRI,Dormant
4-HDFC-169-No,Joint,Closed
2-HDFC-141-Ho,Joint,Dormant
3-HDFC-157-Mi,Savings,Active
3-HDFC-196-Za,Savings,Closed
4-HDFC-174-We,NRI,Dormant
5-HDFC-118-We,Current,Dormant
1-HDFC-173-Ne,Joint,Dormant
3-HDFC-181-We,Current,Active
3-HDFC-177-Ta,Savings,Dormant
2-HDFC-110-So,Savings,Active
2-HDFC-114-La,NRI,Closed
3-HDFC-147-Ea,Savings,Dormant
2-HDFC-112-Sm,NRI,Dormant
3-HDFC-119-La,Savings,Dormant
4-HDFC-196-Za,NRI,Active
3-HDFC-142-Br,Joint,Dormant
5-HDFC-196-Za,Joint,Dormant
5-HDFC-161-We,Savings,Active
5-HDFC-100-Ea,NRI,Dormant
3-HDFC-185-Po,Joint,Closed
3-HDFC-129-Tr,Current,Active
3-HDFC-107-Po,Savings,Active
1-HDFC-148-No,NRI,Closed
3-HDFC-108-Ea,Savings,Closed
5-HDFC-112-Sm,Joint,Closed
1-HDFC-184-Po,Joint,Active
4-HDFC-167-Da,Joint,Active
5-HDFC-107-Po,Savings,Active
5-HDFC-143-Ha,Joint,Closed
1-HDFC-176-Mu,Current,Dormant
1-HDFC-183-La,Savings,Active
2-HDFC-197-Po,Current,Active
5-HDFC-141-Ho,NRI,Dormant
5-HDFC-166-Ma,Current,Active
1-HDFC-112-Sm,Current,Active
3-HDFC-180-Ni,Savings,Closed
1-HDFC-134-No,Current,Active
1-HDFC-179-Po,NRI,Closed
4-HDFC-189-Ne,Savings,Closed
4-HDFC-141-Ho,Joint,Dormant
2-HDFC-106-Wi,Savings,Dormant
1-HDFC-150-La,Joint,Active
5-HDFC-126-So,Current,Dormant
2-HDFC-170-Ea,NRI,Active
1-HDFC-125-Am,NRI,Closed
3-HDFC-198-Mc,Current,Active
4-HDFC-162-Mo,Savings,Closed
3-HDFC-149-Po,Joint,Closed
2-HDFC-121-Al,Savings,Active
3-HDFC-172-La,NRI,Active
3-HDFC-110-So,Current,Dormant
4-HDFC-106-Wi,Savings,Active
3-HDFC-116-Ne,Current,Dormant
3-HDFC-106-Wi,Joint,Active
1-HDFC-109-Sa,Savings,Dormant
5-HDFC-188-Ea,Savings,Active
1-HDFC-194-Po,NRI,Dormant
1-HDFC-164-Fo,Joint,Active
2-HDFC-100-Ea,Savings,Dormant
5-HDFC-174-We,Joint,Active
1-HDFC-113-Ne,Joint,Active
5-HDFC-184-Po,Savings,Dormant
3-HDFC-103-La,Current,Closed
5-HDFC-198-Mc,Joint,Dormant
1-HDFC-177-Ta,NRI,Dormant
5-HDFC-158-Ea,Current,Closed
2-HDFC-122-Te,Savings,Closed
2-HDFC-115-We,Current,Closed
1-HDFC-146-Br,Current,Dormant
4-HDFC-150-La,Savings,Active
5-HDFC-130-Ro,NRI,Active
3-HDFC-167-Da,NRI,Dormant
2-HDFC-198-Mc,Joint,Dormant
5-HDFC-159-Ag,Joint,Closed
1-HDFC-161-We,Current,Active
3-HDFC-138-La,Current,Active
5-HDFC-125-Am,Savings,Dormant
2-HDFC-153-Da,NRI,Active
1-HDFC-123-Th,Joint,Closed
4-HDFC-134-No,Current,Closed
3-HDFC-136-Me,Current,Closed
5-HDFC-149-Po,Savings,Closed
1-HDFC-157-Mi,Current,Active
3-HDFC-190-Tu,Savings,Closed
5-HDFC-176-Mu,NRI,Dormant
3-HDFC-111-Me,Savings,Dormant
5-HDFC-163-Sh,Joint,Closed
4-HDFC-168-Ve,Joint,Active
2-HDFC-178-Po,Joint,Dormant
4-HDFC-109-Sa,Current,Dormant
3-HDFC-169-No,Current,Dormant
2-HDFC-123-Th,Current,Dormant
2-HDFC-158-Ea,Joint,Dormant
1-HDFC-101-Ki,NRI,Active
5-HDFC-151-Ja,NRI,Closed
3-HDFC-128-No,NRI,Active
4-ICICI-114-La,NRI,Closed
4-ICICI-198-Mc,NRI,Active
5-ICICI-166-Ma,Current,Active
1-ICICI-158-Ea,NRI,Active
3-ICICI-101-Ki,Current,Closed
4-ICICI-105-So,Joint,Dormant
2-ICICI-156-Ea,Savings,Active
5-ICICI-115-We,Savings,Closed
5-ICICI-122-Te,Savings,Dormant
1-ICICI-194-Po,Joint,Dormant
3-ICICI-140-St,NRI,Dormant
4-ICICI-129-Tr,Joint,Dormant
2-ICICI-166-Ma,Joint,Closed
1-ICICI-154-Mi,Current,Closed
3-ICICI-179-Po,Savings,Closed
1-ICICI-103-La,Joint,Active
1-ICICI-199-No,Savings,Closed
5-ICICI-127-We,NRI,Closed
2-ICICI-149-Po,Joint,Closed
2-ICICI-127-We,Savings,Active
2-ICICI-152-Br,Savings,Dormant
4-ICICI-125-Am,Current,Dormant
4-ICICI-138-La,Joint,Dormant
2-ICICI-112-Sm,Savings,Active
3-ICICI-170-Ea,Joint,Closed
4-ICICI-153-Da,Joint,Dormant
4-ICICI-112-Sm,Current,Closed
3-ICICI-158-Ea,NRI,Closed
2-ICICI-103-La,NRI,Active
1-ICICI-179-Po,NRI,Closed
4-ICICI-156-Ea,Savings,Dormant
1-ICICI-191-So,Savings,Closed
1-ICICI-159-Ag,Joint,Dormant
3-ICICI-146-Br,Joint,Closed
2-ICICI-176-Mu,Current,Dormant
1-ICICI-173-Ne,Savings,Active
2-ICICI-104-Or,Joint,Dormant
5-ICICI-135-Ea,Current,Dormant
2-ICICI-118-We,Current,Active
3-ICICI-129-Tr,Savings,Active
5-ICICI-147-Ea,NRI,Active
3-ICICI-127-We,Joint,Active
2-ICICI-130-Ro,Current,Active
2-ICICI-199-No,Current,Dormant
3-ICICI-142-Br,Savings,Dormant
2-ICICI-164-Fo,Savings,Closed
4-ICICI-108-Ea,Savings,Dormant
5-ICICI-111-Me,Current,Dormant
4-ICICI-186-Ea,NRI,Dormant
2-ICICI-111-Me,Savings,Closed
3-ICICI-141-Ho,Joint,Dormant
5-ICICI-172-La,Savings,Dormant
4-ICICI-152-Br,Savings,Closed
2-ICICI-189-Ne,Current,Dormant
3-ICICI-193-Ne,Current,Dormant
4-ICICI-183-La,Current,Active
4-ICICI-115-We,NRI,Active
5-ICICI-176-Mu,Savings,Dormant
3-ICICI-198-Mc,Savings,Active
1-ICICI-149-Po,Current,Closed
3-ICICI-188-Ea,NRI,Closed
1-ICICI-112-Sm,Savings,Closed
3-ICICI-159-Ag,Current,Dormant
5-ICICI-123-Th,Joint,Active
4-ICICI-191-So,Current,Closed
4-ICICI-100-Ea,Joint,Active
4-ICICI-133-Da,NRI,Closed
5-ICICI-102-Jo,Current,Dormant
4-ICICI-121-Al,Savings,Dormant
3-ICICI-184-Po,Savings,Dormant
4-ICICI-126-So,Current,Closed
4-ICICI-120-Ea,Current,Dormant
2-ICICI-185-Po,Current,Active
5-ICICI-112-Sm,Savings,Dormant
5-ICICI-143-Ha,Current,Active
4-ICICI-179-Po,Joint,Active
1-ICICI-123-Th,Joint,Active
2-ICICI-145-Mi,Current,Active
4-ICICI-116-Ne,Savings,Active
1-ICICI-104-Or,Joint,Closed
3-ICICI-137-No,NRI,Closed
2-ICICI-158-Ea,Joint,Dormant
5-ICICI-126-So,Joint,Closed
1-ICICI-153-Da,Current,Active
4-ICICI-195-Po,Joint,Active
1-ICICI-189-Ne,NRI,Closed
5-ICICI-170-Ea,Joint,Active
3-ICICI-199-No,NRI,Closed
4-ICICI-170-Ea,NRI,Closed
1-ICICI-142-Br,Savings,Dormant
3-ICICI-190-Tu,Savings,Dormant
1-ICICI-137-No,Savings,Dormant
3-ICICI-187-Ma,Current,Active
2-ICICI-160-No,Current,Dormant
2-ICICI-144-Ea,Joint,Closed
4-ICICI-157-Mi,Current,Active
4-ICICI-128-No,Current,Closed
3-ICICI-133-Da,NRI,Active
2-ICICI-120-Ea,Savings,Closed
3-ICICI-144-Ea,NRI,Closed
2-ICICI-100-Ea,NRI,Active
1-ICICI-109-Sa,Savings,Active
4-ICICI-193-Ne,NRI,Dormant
5-ICICI-129-Tr,NRI,Dormant
4-ICICI-127-We,Joint,Dormant
5-ICICI-128-No,NRI,Closed
1-ICICI-130-Ro,Joint,Dormant
5-ICICI-167-Da,Joint,Active
1-ICICI-182-An,Joint,Dormant
4-ICICI-173-Ne,Current,Closed
3-ICICI-130-Ro,Joint,Active
2-ICICI-197-Po,Current,Active
5-ICICI-140-St,NRI,Closed
1-ICICI-163-Sh,Savings,Closed
4-ICICI-141-Ho,Joint,Active
4-ICICI-143-Ha,Savings,Active
4-ICICI-110-So,NRI,Closed
4-ICICI-135-Ea,Joint,Active
3-ICICI-131-Br,NRI,Closed
1-ICICI-138-La,Joint,Active
5-ICICI-159-Ag,Joint,Active
5-ICICI-124-Ma,Joint,Closed
5-ICICI-118-We,Joint,Dormant
5-ICICI-182-An,Current,Dormant
5-ICICI-149-Po,Current,Active
4-ICICI-118-We,Current,Closed
3-ICICI-155-Al,Joint,Closed
3-ICICI-117-Ke,Current,Closed
5-ICICI-144-Ea,Joint,Closed
5-ICICI-179-Po,Joint,Closed
3-ICICI-181-We,Joint,Active
1-ICICI-167-Da,Joint,Active
3-ICICI-176-Mu,NRI,Closed
4-ICICI-132-Jo,Joint,Active
4-ICICI-196-Za,Savings,Dormant
3-ICICI-154-Mi,Joint,Closed
3-ICICI-102-Jo,NRI,Active
2-ICICI-102-Jo,Joint,Active
2-ICICI-117-Ke,Savings,Active
4-ICICI-165-So,Current,Closed
2-ICICI-195-Po,NRI,Dormant
4-ICICI-172-La,Savings,Dormant
3-ICICI-165-So,Current,Active
1-ICICI-183-La,Joint,Active
3-ICICI-126-So,Savings,Closed
4-ICICI-199-No,Joint,Dormant
1-ICICI-118-We,Joint,Closed
2-ICICI-115-We,Current,Closed
5-ICICI-125-Am,Current,Closed
4-ICICI-113-Ne,Savings,Active
5-ICICI-146-Br,Current,Closed
5-ICICI-117-Ke,Savings,Active
1-ICICI-127-We,Savings,Active
1-ICICI-120-Ea,Savings,Closed
3-ICICI-147-Ea,NRI,Dormant
2-ICICI-129-Tr,Joint,Active
4-ICICI-136-Me,Current,Closed
4-ICICI-140-St,Savings,Dormant
1-ICICI-145-Mi,Joint,Closed
3-ICICI-195-Po,NRI,Closed
4-ICICI-159-Ag,NRI,Dormant
5-ICICI-187-Ma,NRI,Dormant
4-ICICI-187-Ma,NRI,Closed
5-ICICI-134-No,Joint,Active
1-ICICI-115-We,Savings,Active
4-ICICI-104-Or,NRI,Active
5-ICICI-130-Ro,Joint,Dormant
2-ICICI-136-Me,NRI,Dormant
1-ICICI-124-Ma,NRI,Active
4-ICICI-161-We,Current,Closed
2-ICICI-124-Ma,Current,Active
4-ICICI-147-Ea,Savings,Active
2-ICICI-163-Sh,Current,Dormant
4-ICICI-101-Ki,Joint,Closed
5-ICICI-168-Ve,NRI,Active
3-ICICI-182-An,Savings,Active
2-ICICI-119-La,Joint,Closed
5-ICICI-185-Po,Current,Active
1-ICICI-110-So,Joint,Active
4-ICICI-181-We,Current,Active
1-ICICI-134-No,Joint,Dormant
1-ICICI-143-Ha,Savings,Closed
2-ICICI-154-Mi,Current,Dormant
4-ICICI-144-Ea,Current,Dormant
3-ICICI-120-Ea,Joint,Active
4-ICICI-151-Ja,Current,Dormant
4-ICICI-119-La,Joint,Active
5-ICICI-194-Po,Joint,Closed
5-ICICI-108-Ea,Joint,Active
5-ICICI-157-Mi,Savings,Closed
3-ICICI-138-La,Savings,Closed
3-ICICI-111-Me,NRI,Dormant
4-ICICI-176-Mu,Current,Dormant
3-ICICI-149-Po,Current,Closed
2-ICICI-187-Ma,Joint,Closed
3-ICICI-180-Ni,Current,Closed
5-ICICI-177-Ta,Current,Dormant
1-ICICI-168-Ve,NRI,Dormant
5-ICICI-105-So,Current,Active
2-ICICI-123-Th,Current,Active
1-ICICI-139-Ke,Joint,Dormant
5-ICICI-132-Jo,Savings,Closed
4-ICICI-148-No,NRI,Active
3-ICICI-122-Te,Savings,Closed
5-ICICI-184-Po,Joint,Dormant
1-ICICI-121-Al,Savings,Dormant
5-ICICI-171-Ne,Current,Closed
2-ICICI-183-La,Current,Closed
3-ICICI-177-Ta,Joint,Closed
1-ICICI-193-Ne,Joint,Active
1-ICICI-107-Po,NRI,Closed
4-ICICI-137-No,Joint,Dormant
1-ICICI-105-So,Savings,Active
2-ICICI-151-Ja,Joint,Dormant
5-ICICI-133-Da,Current,Closed
5-ICICI-173-Ne,Joint,Dormant
2-ICICI-110-So,Joint,Dormant
4-ICICI-139-Ke,Joint,Dormant
2-ICICI-131-Br,Current,Closed
1-ICICI-148-No,NRI,Closed
5-ICICI-189-Ne,NRI,Active
4-ICICI-185-Po,Current,Active
4-ICICI-164-Fo,Joint,Dormant
4-ICICI-192-Ca,Current,Active
3-ICICI-151-Ja,Current,Active
3-ICICI-124-Ma,NRI,Dormant
1-ICICI-128-No,Savings,Active
1-ICICI-131-Br,NRI,Active
2-ICICI-193-Ne,Current,Active
1-ICICI-166-Ma,Joint,Closed
1-ICICI-157-Mi,Savings,Closed
4-ICICI-130-Ro,Joint,Active
2-ICICI-171-Ne,Savings,Dormant
1-ICICI-141-Ho,NRI,Active
4-ICICI-178-Po,Joint,Active
3-ICICI-178-Po,Current,Active
5-ICICI-109-Sa,Joint,Active
3-ICICI-110-So,Joint,Dormant
1-ICICI-122-Te,Savings,Dormant
1-ICICI-161-We,Current,Closed
3-ICICI-169-No,Joint,Closed
1-ICICI-140-St,Current,Active
2-ICICI-192-Ca,NRI,Closed
3-ICICI-103-La,Savings,Active
5-ICICI-183-La,Savings,Active
3-ICICI-150-La,Savings,Closed
1-ICICI-162-Mo,NRI,Closed
3-ICICI-148-No,Joint,Closed
3-ICICI-171-Ne,Joint,Active
2-ICICI-169-No,Joint,Active
4-ICICI-107-Po,Current,Active
1-ICICI-198-Mc,Savings,Closed
2-ICICI-198-Mc,Joint,Closed
2-ICICI-172-La,Current,Closed
5-ICICI-107-Po,Joint,Closed
4-ICICI-171-Ne,Current,Closed
1-ICICI-106-Wi,Joint,Active
3-ICICI-145-Mi,Current,Closed
4-ICICI-197-Po,Savings,Active
4-ICICI-124-Ma,NRI,Active
1-ICICI-146-Br,NRI,Active
5-ICICI-142-Br,NRI,Active
2-ICICI-114-La,Savings,Closed
4-ICICI-182-An,NRI,Active
2-ICICI-194-Po,Joint,Closed
1-ICICI-111-Me,Current,Dormant
4-ICICI-163-Sh,NRI,Closed
1-ICICI-135-Ea,NRI,Dormant
3-ICICI-185-Po,Savings,Active
5-ICICI-155-Al,Savings,Closed
3-ICICI-136-Me,Joint,Dormant
4-ICICI-109-Sa,NRI,Dormant
4-ICICI-155-Al,Current,Dormant
5-ICICI-141-Ho,Current,Closed
1-ICICI-129-Tr,Joint,Active
2-ICICI-121-Al,Savings,Active
3-ICICI-135-Ea,Joint,Active
4-ICICI-177-Ta,NRI,Dormant
2-ICICI-106-Wi,NRI,Active
1-ICICI-195-Po,Savings,Active
2-ICICI-181-We,NRI,Active
2-ICICI-133-Da,Current,Closed
5-ICICI-162-Mo,Savings,Dormant
4-ICICI-142-Br,NRI,Active
1-ICICI-117-Ke,Current,Dormant
3-ICICI-119-La,Current,Active
4-ICICI-106-Wi,NRI,Dormant
3-ICICI-197-Po,NRI,Active
4-ICICI-145-Mi,Current,Active
2-ICICI-159-Ag,Current,Dormant
2-ICICI-137-No,Current,Closed
2-ICICI-138-La,Joint,Closed
2-ICICI-125-Am,Savings,Active
4-ICICI-131-Br,NRI,Dormant
5-ICICI-152-Br,Current,Active
3-ICICI-106-Wi,Current,Active
4-ICICI-175-Ne,Joint,Active
4-ICICI-122-Te,Savings,Closed
4-ICICI-180-Ni,Current,Active
4-ICICI-168-Ve,Current,Closed
1-ICICI-136-Me,NRI,Active
3-ICICI-160-No,Current,Active
3-ICICI-105-So,Current,Dormant
1-ICICI-170-Ea,Current,Active
3-ICICI-107-Po,Joint,Active
5-ICICI-114-La,Savings,Closed
5-ICICI-106-Wi,Joint,Active
1-ICICI-132-Jo,Joint,Dormant
2-ICICI-113-Ne,Joint,Dormant
5-ICICI-190-Tu,Current,Dormant
2-ICICI-147-Ea,Joint,Closed
4-ICICI-102-Jo,Current,Active
4-ICICI-174-We,Joint,Closed
3-ICICI-167-Da,NRI,Active
5-ICICI-138-La,Savings,Dormant
3-ICICI-115-We,Current,Dormant
5-ICICI-199-No,Joint,Dormant
5-ICICI-131-Br,Current,Active
5-ICICI-198-Mc,Current,Active
5-ICICI-104-Or,Joint,Closed
1-ICICI-188-Ea,Current,Closed
3-ICICI-191-So,Current,Dormant
1-ICICI-102-Jo,Savings,Closed
1-ICICI-165-So,Savings,Closed
1-ICICI-133-Da,Current,Dormant
3-ICICI-121-Al,Joint,Dormant
5-ICICI-197-Po,Joint,Closed
1-ICICI-164-Fo,Current,Active
4-ICICI-160-No,NRI,Active
5-ICICI-151-Ja,Current,Dormant
2-ICICI-140-St,NRI,Dormant
5-ICICI-192-Ca,Savings,Dormant
5-ICICI-196-Za,Joint,Dormant
2-ICICI-180-Ni,Savings,Closed
5-ICICI-164-Fo,Current,Closed
2-ICICI-132-Jo,NRI,Dormant
1-ICICI-185-Po,Savings,Dormant
5-ICICI-116-Ne,Joint,Closed
3-ICICI-183-La,NRI,Dormant
3-ICICI-186-Ea,Current,Closed
5-ICICI-156-Ea,Current,Active
1-ICICI-174-We,Savings,Closed
3-ICICI-108-Ea,Current,Dormant
2-ICICI-167-Da,Savings,Closed
4-ICICI-189-Ne,Current,Dormant
1-ICICI-113-Ne,NRI,Active
3-ICICI-174-We,Joint,Closed
3-ICICI-153-Da,Savings,Active
2-ICICI-191-So,NRI,Dormant
2-ICICI-157-Mi,Joint,Closed
2-ICICI-165-So,Savings,Closed
2-ICICI-178-Po,Savings,Active
4-ICICI-146-Br,Joint,Dormant
1-ICICI-172-La,Current,Active
2-ICICI-186-Ea,NRI,Active
5-ICICI-161-We,Joint,Closed
2-ICICI-175-Ne,Savings,Active
5-ICICI-153-Da,Current,Dormant
2-ICICI-182-An,NRI,Closed
4-ICICI-184-Po,NRI,Closed
3-ICICI-118-We,NRI,Closed
3-ICICI-112-Sm,NRI,Active
1-ICICI-181-We,NRI,Closed
5-ICICI-148-No,Savings,Closed
5-ICICI-101-Ki,Current,Closed
5-ICICI-174-We,NRI,Active
5-ICICI-103-La,Savings,Dormant
5-ICICI-113-Ne,NRI,Active
5-ICICI-186-Ea,Joint,Closed
1-ICICI-175-Ne,Savings,Dormant
5-ICICI-137-No,NRI,Dormant
4-ICICI-194-Po,Savings,Active
3-ICICI-161-We,Savings,Dormant
5-ICICI-188-Ea,Joint,Closed
5-ICICI-175-Ne,Savings,Closed
2-ICICI-148-No,Savings,Closed
3-ICICI-157-Mi,NRI,Active
1-ICICI-197-Po,Current,Dormant
1-ICICI-100-Ea,Joint,Active
5-ICICI-100-Ea,Current,Active
2-ICICI-161-We,NRI,Dormant
4-ICICI-117-Ke,Joint,Dormant
5-ICICI-120-Ea,Savings,Closed
5-ICICI-119-La,NRI,Active
1-ICICI-152-Br,NRI,Closed
5-ICICI-178-Po,Joint,Active
1-ICICI-119-La,Savings,Closed
4-ICICI-149-Po,NRI,Closed
2-ICICI-150-La,NRI,Dormant
1-ICICI-171-Ne,Savings,Dormant
2-ICICI-128-No,NRI,Closed
3-ICICI-139-Ke,Current,Dormant
3-ICICI-168-Ve,NRI,Closed
1-ICICI-156-Ea,Joint,Active
2-ICICI-141-Ho,Savings,Dormant
3-ICICI-156-Ea,Current,Dormant
2-ICICI-184-Po,Joint,Closed
2-ICICI-109-Sa,Current,Active
1-ICICI-196-Za,Savings,Closed
4-ICICI-154-Mi,Savings,Active
5-ICICI-121-Al,Current,Closed
1-ICICI-186-Ea,NRI,Active
2-ICICI-139-Ke,NRI,Closed
5-ICICI-180-Ni,Savings,Active
3-ICICI-162-Mo,Joint,Closed
4-ICICI-111-Me,Joint,Active
4-ICICI-123-Th,Current,Active
4-ICICI-188-Ea,NRI,Dormant
3-ICICI-125-Am,Joint,Active
1-ICICI-126-So,Current,Dormant
3-ICICI-109-Sa,Joint,Dormant
2-ICICI-168-Ve,Savings,Closed
5-ICICI-169-No,Current,Dormant
1-ICICI-176-Mu,Savings,Active
2-ICICI-170-Ea,NRI,Dormant
3-ICICI-116-Ne,Joint,Closed
3-ICICI-172-La,Joint,Active
2-ICICI-188-Ea,Joint,Closed
2-ICICI-190-Tu,Savings,Active
4-ICICI-134-No,NRI,Active
2-ICICI-135-Ea,Current,Dormant
1-ICICI-125-Am,NRI,Closed
5-ICICI-160-No,Current,Active
3-ICICI-123-Th,Current,Dormant
4-ICICI-158-Ea,Joint,Active
2-ICICI-126-So,Savings,Active
3-ICICI-175-Ne,Joint,Dormant
2-ICICI-177-Ta,Current,Closed
2-ICICI-105-So,Current,Closed
3-ICICI-128-No,NRI,Active
1-ICICI-187-Ma,Joint,Dormant
5-ICICI-145-Mi,Savings,Active
2-ICICI-173-Ne,Current,Dormant
3-ICICI-100-Ea,Joint,Active
4-ICICI-162-Mo,Current,Dormant
2-ICICI-153-Da,Joint,Closed
4-ICICI-150-La,Savings,Closed
5-ICICI-154-Mi,Savings,Closed
2-ICICI-162-Mo,NRI,Closed
1-ICICI-151-Ja,Joint,Dormant
4-ICICI-166-Ma,Savings,Closed
5-ICICI-136-Me,Current,Dormant
3-ICICI-163-Sh,Savings,Closed
3-ICICI-132-Jo,Savings,Dormant
5-ICICI-191-So,Joint,Active
1-ICICI-178-Po,Current,Active
2-ICICI-134-No,Current,Closed
1-ICICI-150-La,Savings,Dormant
3-ICICI-143-Ha,Current,Active
3-ICICI-192-Ca,Savings,Dormant
2-ICICI-196-Za,Savings,Active
2-ICICI-107-Po,Joint,Closed
1-ICICI-116-Ne,Joint,Dormant
1-ICICI-114-La,Savings,Active
1-ICICI-177-Ta,Joint,Active
1-ICICI-160-No,Current,Closed
2-ICICI-179-Po,Savings,Dormant
3-ICICI-104-Or,Current,Active
4-ICICI-169-No,Current,Closed
4-ICICI-103-La,Current,Closed
3-ICICI-114-La,Current,Active
2-ICICI-116-Ne,Savings,Dormant
1-ICICI-155-Al,Savings,Dormant
4-ICICI-167-Da,Savings,Active
4-ICICI-190-Tu,NRI,Active
2-ICICI-174-We,Current,Active
2-ICICI-108-Ea,Savings,Active
2-ICICI-155-Al,Savings,Dormant
2-ICICI-142-Br,NRI,Closed
5-ICICI-158-Ea,NRI,Dormant
5-ICICI-165-So,NRI,Active
2-ICICI-101-Ki,Joint,Closed
1-ICICI-101-Ki,NRI,Active
2-ICICI-122-Te,NRI,Dormant
3-ICICI-173-Ne,Current,Dormant
1-ICICI-180-Ni,NRI,Closed
3-ICICI-196-Za,NRI,Active
2-ICICI-143-Ha,Savings,Dormant
1-ICICI-144-Ea,Savings,Dormant
5-ICICI-181-We,NRI,Dormant
2-ICICI-146-Br,Current,Closed
1-ICICI-169-No,NRI,Active
1-ICICI-190-Tu,Joint,Dormant
3-ICICI-189-Ne,Joint,Closed
1-ICICI-147-Ea,Savings,Dormant
1-ICICI-192-Ca,NRI,Active
5-ICICI-163-Sh,Current,Active
1-ICICI-108-Ea,Current,Active
3-ICICI-152-Br,NRI,Closed
3-ICICI-164-Fo,Joint,Active
5-ICICI-150-La,Current,Closed
3-ICICI-134-No,NRI,Closed
1-ICICI-184-Po,Joint,Dormant
3-ICICI-194-Po,Savings,Closed
5-ICICI-195-Po,Current,Active
5-ICICI-110-So,NRI,Closed
5-ICICI-139-Ke,Joint,Closed
3-ICICI-166-Ma,Current,Closed
5-SBI-180-Ni,Joint,Active
1-SBI-150-La,NRI,Closed
3-SBI-171-Ne,NRI,Active
2-SBI-126-So,Savings,Closed
3-SBI-139-Ke,Current,Active
5-SBI-161-We,Savings,Closed
1-SBI-157-Mi,Joint,Closed
3-SBI-114-La,Joint,Active
3-SBI-138-La,Savings,Dormant
3-SBI-169-No,NRI,Active
2-SBI-195-Po,Joint,Dormant
1-SBI-107-Po,Current,Closed
4-SBI-134-No,Current,Active
1-SBI-162-Mo,NRI,Dormant
3-SBI-130-Ro,Savings,Active
1-SBI-189-Ne,Current,Dormant
4-SBI-141-Ho,Current,Active
2-SBI-187-Ma,Current,Dormant
1-SBI-165-So,Joint,Closed
1-SBI-140-St,Joint,Closed
2-SBI-100-Ea,NRI,Dormant
2-SBI-173-Ne,Current,Dormant
3-SBI-186-Ea,Current,Active
3-SBI-132-Jo,Joint,Active
2-SBI-136-Me,Savings,Dormant
4-SBI-156-Ea,NRI,Dormant
3-SBI-110-So,NRI,Dormant
4-SBI-183-La,Current,Dormant
2-SBI-189-Ne,NRI,Active
1-SBI-146-Br,NRI,Closed
2-SBI-165-So,NRI,Dormant
2-SBI-188-Ea,Current,Dormant
5-SBI-103-La,Current,Dormant
2-SBI-182-An,NRI,Dormant
3-SBI-176-Mu,NRI,Dormant
1-SBI-182-An,Joint,Active
4-SBI-176-Mu,Joint,Closed
5-SBI-154-Mi,Current,Active
3-SBI-111-Me,Savings,Active
4-SBI-136-Me,Joint,Active
1-SBI-122-Te,Savings,Closed
3-SBI-154-Mi,Savings,Closed
1-SBI-118-We,Savings,Active
2-SBI-166-Ma,Joint,Closed
1-SBI-187-Ma,NRI,Active
2-SBI-122-Te,NRI,Dormant
3-SBI-103-La,Savings,Closed
5-SBI-117-Ke,Savings,Closed
2-SBI-111-Me,Savings,Closed
1-SBI-134-No,Savings,Closed
1-SBI-126-So,Current,Closed
1-SBI-142-Br,Savings,Dormant
3-SBI-177-Ta,Joint,Dormant
4-SBI-194-Po,Savings,Dormant
1-SBI-166-Ma,Joint,Active
1-SBI-168-Ve,Savings,Closed
2-SBI-163-Sh,Joint,Dormant
5-SBI-192-Ca,Joint,Active
1-SBI-151-Ja,Current,Dormant
3-SBI-116-Ne,NRI,Closed
4-SBI-182-An,NRI,Dormant
4-SBI-198-Mc,NRI,Dormant
4-SBI-132-Jo,Joint,Closed
4-SBI-151-Ja,Current,Closed
2-SBI-119-La,NRI,Closed
4-SBI-180-Ni,Savings,Dormant
2-SBI-144-Ea,Savings,Closed
2-SBI-176-Mu,Joint,Active
2-SBI-167-Da,Savings,Dormant
3-SBI-149-Po,Current,Closed
5-SBI-129-Tr,Joint,Active
4-SBI-169-No,NRI,Active
5-SBI-101-Ki,Savings,Active
1-SBI-178-Po,Joint,Active
2-SBI-133-Da,NRI,Active
2-SBI-151-Ja,Current,Closed
2-SBI-183-La,Current,Dormant
2-SBI-115-We,Savings,Closed
4-SBI-142-Br,Current,Closed
1-SBI-163-Sh,NRI,Dormant
1-SBI-192-Ca,NRI,Active
5-SBI-164-Fo,NRI,Active
2-SBI-112-Sm,Joint,Dormant
1-SBI-131-Br,Joint,Closed
5-SBI-166-Ma,NRI,Dormant
4-SBI-113-Ne,NRI,Closed
2-SBI-157-Mi,Savings,Dormant
5-SBI-191-So,Savings,Dormant
3-SBI-145-Mi,Current,Closed
3-SBI-189-Ne,Current,Closed
4-SBI-184-Po,NRI,Closed
1-SBI-174-We,Savings,Active
1-SBI-190-Tu,Joint,Active
5-SBI-158-Ea,Joint,Dormant
1-SBI-132-Jo,Current,Closed
1-SBI-145-Mi,Joint,Active
5-SBI-181-We,Joint,Active
2-SBI-153-Da,Savings,Closed
3-SBI-165-So,Savings,Active
4-SBI-153-Da,Joint,Active
5-SBI-116-Ne,NRI,Closed
2-SBI-179-Po,Savings,Active
5-SBI-172-La,Current,Active
1-SBI-173-Ne,Joint,Active
3-SBI-170-Ea,Current,Active
2-SBI-172-La,Savings,Closed
4-SBI-154-Mi,Current,Active
5-SBI-147-Ea,NRI,Closed
4-SBI-190-Tu,NRI,Closed
4-SBI-195-Po,Savings,Active
4-SBI-148-No,Current,Dormant
4-SBI-122-Te,Joint,Dormant
5-SBI-126-So,Savings,Closed
1-SBI-124-Ma,Current,Closed
1-SBI-123-Th,Savings,Dormant
1-SBI-179-Po,Savings,Active
5-SBI-179-Po,Joint,Closed
5-SBI-119-La,Current,Active
1-SBI-152-Br,Current,Dormant
5-SBI-182-An,Savings,Closed
3-SBI-125-Am,Savings,Active
3-SBI-159-Ag,Savings,Closed
2-SBI-101-Ki,Savings,Dormant
3-SBI-102-Jo,Joint,Active
1-SBI-155-Al,Joint,Active
5-SBI-165-So,Savings,Active
5-SBI-124-Ma,NRI,Closed
5-SBI-167-Da,NRI,Dormant
2-SBI-114-La,Savings,Active
2-SBI-181-We,Current,Dormant
1-SBI-106-Wi,Current,Dormant
2-SBI-190-Tu,Current,Closed
1-SBI-170-Ea,Savings,Closed
5-SBI-140-St,Savings,Closed
4-SBI-159-Ag,Joint,Active
5-SBI-143-Ha,NRI,Closed
4-SBI-165-So,Current,Closed
5-SBI-122-Te,NRI,Active
4-SBI-163-Sh,Joint,Dormant
4-SBI-105-So,NRI,Closed
3-SBI-162-Mo,NRI,Closed
2-SBI-124-Ma,Joint,Active
5-SBI-189-Ne,Savings,Active
2-SBI-192-Ca,Joint,Active
4-SBI-158-Ea,NRI,Closed
2-SBI-127-We,NRI,Active
3-SBI-152-Br,NRI,Closed
2-SBI-170-Ea,Current,Active
3-SBI-135-Ea,Joint,Active
4-SBI-161-We,Current,Dormant
3-SBI-153-Da,Joint,Closed
4-SBI-160-No,Savings,Closed
4-SBI-196-Za,Current,Closed
2-SBI-168-Ve,Current,Active
3-SBI-128-No,Current,Active
2-SBI-180-Ni,NRI,Active
4-SBI-126-So,Current,Active
3-SBI-167-Da,Current,Active
5-SBI-111-Me,Savings,Dormant
4-SBI-149-Po,NRI,Dormant
5-SBI-174-We,NRI,Dormant
1-SBI-199-No,Current,Dormant
3-SBI-175-Ne,Joint,Dormant
4-SBI-172-La,Savings,Dormant
4-SBI-181-We,Joint,Closed
1-SBI-108-Ea,Joint,Active
5-SBI-169-No,Savings,Active
4-SBI-150-La,Current,Dormant
3-SBI-196-Za,Joint,Closed
3-SBI-105-So,Joint,Dormant
5-SBI-112-Sm,Savings,Closed
5-SBI-125-Am,Current,Active
4-SBI-133-Da,Joint,Closed
4-SBI-152-Br,Current,Closed
3-SBI-146-Br,Joint,Active
2-SBI-107-Po,Joint,Active
4-SBI-175-Ne,NRI,Closed
5-SBI-118-We,NRI,Dormant
3-SBI-173-Ne,Current,Closed
2-SBI-131-Br,NRI,Active
1-SBI-120-Ea,NRI,Dormant
3-SBI-163-Sh,Joint,Dormant
5-SBI-190-Tu,NRI,Dormant
4-SBI-188-Ea,Savings,Active
2-SBI-141-Ho,NRI,Active
2-SBI-191-So,Savings,Closed
5-SBI-170-Ea,Joint,Active
5-SBI-175-Ne,Savings,Closed
2-SBI-185-Po,Current,Dormant
5-SBI-151-Ja,Current,Active
5-SBI-102-Jo,Joint,Dormant
1-SBI-121-Al,Joint,Dormant
5-SBI-135-Ea,NRI,Dormant
2-SBI-138-La,Joint,Closed
1-SBI-117-Ke,Savings,Active
5-SBI-195-Po,Joint,Closed
3-SBI-166-Ma,Current,Active
5-SBI-160-No,NRI,Dormant
5-SBI-155-Al,Current,Active
1-SBI-147-Ea,Joint,Closed
5-SBI-115-We,Savings,Closed
4-SBI-185-Po,NRI,Closed
4-SBI-124-Ma,Savings,Dormant
5-SBI-113-Ne,Savings,Dormant
2-SBI-199-No,NRI,Closed
1-SBI-195-Po,Savings,Closed
3-SBI-127-We,Joint,Active
5-SBI-120-Ea,Savings,Dormant
4-SBI-123-Th,Current,Closed
1-SBI-159-Ag,NRI,Active
5-SBI-198-Mc,Joint,Active
3-SBI-119-La,Current,Active
2-SBI-121-Al,Current,Active
3-SBI-115-We,NRI,Dormant
2-SBI-120-Ea,Savings,Active
4-SBI-143-Ha,NRI,Active
5-SBI-110-So,NRI,Dormant
5-SBI-136-Me,Current,Closed
1-SBI-143-Ha,Current,Dormant
3-SBI-183-La,Current,Closed
2-SBI-142-Br,Current,Dormant
4-SBI-120-Ea,Current,Closed
4-SBI-116-Ne,Joint,Active
1-SBI-130-Ro,Joint,Dormant
2-SBI-103-La,NRI,Active
5-SBI-137-No,Current,Closed
4-SBI-178-Po,NRI,Active
1-SBI-104-Or,Savings,Closed
3-SBI-137-No,Joint,Closed
2-SBI-123-Th,Savings,Closed
3-SBI-193-Ne,Savings,Dormant
5-SBI-171-Ne,Joint,Dormant
3-SBI-129-Tr,NRI,Dormant
5-SBI-187-Ma,Current,Dormant
2-SBI-129-Tr,Joint,Closed
4-SBI-104-Or,Joint,Closed
1-SBI-103-La,Joint,Active
2-SBI-150-La,Savings,Closed
5-SBI-108-Ea,NRI,Active
1-SBI-154-Mi,Joint,Closed
2-SBI-132-Jo,NRI,Closed
3-SBI-192-Ca,Joint,Dormant
5-SBI-130-Ro,Joint,Active
1-SBI-160-No,Current,Active
4-SBI-119-La,Current,Active
1-SBI-184-Po,Savings,Active
2-SBI-194-Po,Joint,Active
2-SBI-135-Ea,NRI,Active
5-SBI-144-Ea,NRI,Dormant
5-SBI-199-No,Current,Dormant
2-SBI-145-Mi,Savings,Active
3-SBI-117-Ke,NRI,Closed
1-SBI-169-No,Joint,Dormant
5-SBI-173-Ne,NRI,Dormant
5-SBI-163-Sh,Savings,Dormant
3-SBI-133-Da,NRI,Closed
2-SBI-178-Po,NRI,Closed
2-SBI-171-Ne,Savings,Dormant
4-SBI-145-Mi,Current,Closed
1-SBI-141-Ho,Joint,Closed
1-SBI-139-Ke,Savings,Closed
1-SBI-119-La,Joint,Closed
3-SBI-184-Po,Savings,Active
5-SBI-127-We,Current,Dormant
3-SBI-158-Ea,Joint,Active
2-SBI-161-We,Savings,Active
3-SBI-179-Po,NRI,Active
4-SBI-173-Ne,Savings,Closed
4-SBI-106-Wi,Joint,Closed
2-SBI-197-Po,Current,Dormant
4-SBI-140-St,Joint,Active
1-SBI-153-Da,NRI,Active
2-SBI-113-Ne,Joint,Closed
2-SBI-143-Ha,Savings,Active
2-SBI-148-No,Joint,Closed
1-SBI-180-Ni,Savings,Closed
1-SBI-144-Ea,Joint,Active
1-SBI-171-Ne,Savings,Closed
1-SBI-176-Mu,NRI,Dormant
5-SBI-106-Wi,NRI,Closed
2-SBI-146-Br,Current,Dormant
4-SBI-187-Ma,Joint,Active
1-SBI-129-Tr,NRI,Dormant
3-SBI-104-Or,NRI,Active
4-SBI-171-Ne,Savings,Closed
2-SBI-106-Wi,Current,Active
4-SBI-138-La,Current,Closed
1-SBI-111-Me,Savings,Active
4-SBI-127-We,Joint,Active
3-SBI-118-We,Current,Active
3-SBI-191-So,NRI,Active
3-SBI-190-Tu,NRI,Active
2-SBI-140-St,NRI,Closed
1-SBI-109-Sa,Current,Active
2-SBI-196-Za,Current,Closed
3-SBI-181-We,Joint,Dormant
5-SBI-131-Br,Savings,Closed
1-SBI-133-Da,Joint,Closed
5-SBI-142-Br,Joint,Active
4-SBI-118-We,Savings,Dormant
2-SBI-109-Sa,NRI,Closed
5-SBI-148-No,Current,Dormant
4-SBI-110-So,Current,Active
3-SBI-109-Sa,Savings,Dormant
3-SBI-120-Ea,NRI,Dormant
5-SBI-194-Po,Current,Closed
1-SBI-113-Ne,Savings,Dormant
3-SBI-156-Ea,Joint,Dormant
1-SBI-156-Ea,Current,Active
2-SBI-169-No,Joint,Active
4-SBI-146-Br,Joint,Dormant
3-SBI-151-Ja,Current,Closed
1-SBI-112-Sm,Savings,Dormant
4-SBI-131-Br,Savings,Active
2-SBI-104-Or,NRI,Closed
2-SBI-149-Po,Savings,Closed
2-SBI-193-Ne,Joint,Dormant
5-SBI-188-Ea,Current,Closed
3-SBI-143-Ha,Current,Closed
3-SBI-147-Ea,Savings,Active
3-SBI-122-Te,Savings,Dormant
1-SBI-101-Ki,NRI,Closed
4-SBI-144-Ea,Savings,Active
5-SBI-109-Sa,Current,Closed
3-SBI-100-Ea,NRI,Closed
1-SBI-115-We,Joint,Closed
1-SBI-110-So,NRI,Active
3-SBI-195-Po,Joint,Closed
4-SBI-135-Ea,NRI,Active
1-SBI-137-No,Savings,Active
3-SBI-197-Po,Joint,Closed
4-SBI-125-Am,Joint,Active
2-SBI-105-So,Joint,Active
4-SBI-193-Ne,Current,Active
1-SBI-116-Ne,Joint,Dormant
5-SBI-176-Mu,Current,Closed
3-SBI-140-St,Savings,Dormant
5-SBI-105-So,Joint,Active
5-SBI-132-Jo,NRI,Active
2-SBI-177-Ta,NRI,Active
5-SBI-149-Po,Current,Dormant
4-SBI-157-Mi,Joint,Active
4-SBI-162-Mo,Current,Closed
4-SBI-128-No,Joint,Closed
1-SBI-181-We,Current,Dormant
4-SBI-167-Da,Joint,Active
5-SBI-121-Al,Joint,Closed
1-SBI-158-Ea,Joint,Closed
3-SBI-107-Po,Joint,Dormant
4-SBI-117-Ke,NRI,Closed
2-SBI-160-No,Savings,Closed
1-SBI-193-Ne,NRI,Dormant
3-SBI-164-Fo,Current,Active
5-SBI-104-Or,Savings,Active
5-SBI-162-Mo,Joint,Closed
4-SBI-130-Ro,Current,Active
1-SBI-138-La,Joint,Closed
4-SBI-107-Po,Joint,Closed
1-SBI-175-Ne,Current,Active
2-SBI-134-No,Joint,Active
5-SBI-197-Po,Savings,Closed
4-SBI-139-Ke,Current,Active
2-SBI-174-We,Current,Dormant
3-SBI-124-Ma,Joint,Dormant
4-SBI-109-Sa,Joint,Dormant
1-SBI-194-Po,NRI,Active
1-SBI-188-Ea,Joint,Active
3-SBI-123-Th,Current,Active
1-SBI-196-Za,Savings,Dormant
5-SBI-186-Ea,Current,Active
5-SBI-146-Br,Current,Active
3-SBI-198-Mc,Savings,Dormant
1-SBI-183-La,Current,Dormant
1-SBI-185-Po,Joint,Dormant
3-SBI-172-La,Savings,Closed
2-SBI-116-Ne,NRI,Closed
4-SBI-155-Al,Current,Dormant
5-SBI-168-Ve,Current,Closed
2-SBI-154-Mi,Savings,Closed
3-SBI-113-Ne,Savings,Closed
2-SBI-158-Ea,Current,Closed
5-SBI-185-Po,NRI,Closed
1-SBI-136-Me,NRI,Active
2-SBI-164-Fo,Savings,Active
4-SBI-137-No,NRI,Active
4-SBI-192-Ca,Current,Active
3-SBI-174-We,Current,Active
3-SBI-160-No,Joint,Active
5-SBI-159-Ag,Current,Active
5-SBI-178-Po,Joint,Active
5-SBI-100-Ea,Current,Closed
5-SBI-138-La,NRI,Closed
4-SBI-174-We,Savings,Dormant
1-SBI-125-Am,Current,Active
3-SBI-131-Br,Savings,Active
5-SBI-177-Ta,Current,Closed
1-SBI-127-We,Joint,Active
2-SBI-117-Ke,Savings,Active
4-SBI-103-La,Savings,Active
5-SBI-123-Th,Savings,Active
2-SBI-130-Ro,Joint,Closed
2-SBI-152-Br,Joint,Dormant
3-SBI-155-Al,NRI,Dormant
2-SBI-118-We,Current,Active
2-SBI-110-So,Current,Dormant
3-SBI-144-Ea,Current,Closed
4-SBI-147-Ea,Current,Closed
3-SBI-108-Ea,Current,Dormant
2-SBI-137-No,NRI,Dormant
3-SBI-101-Ki,Current,Closed
3-SBI-182-An,Savings,Closed
1-SBI-148-No,Current,Active
1-SBI-172-La,Savings,Closed
4-SBI-115-We,Current,Active
5-SBI-134-No,Joint,Active
4-SBI-129-Tr,Current,Closed
2-SBI-159-Ag,Current,Dormant
5-SBI-128-No,Joint,Closed
2-SBI-184-Po,Current,Dormant
4-SBI-168-Ve,Joint,Closed
2-SBI-198-Mc,Joint,Closed
4-SBI-101-Ki,Current,Active
1-SBI-198-Mc,Current,Closed
2-SBI-175-Ne,NRI,Closed
5-SBI-196-Za,Savings,Active
1-SBI-177-Ta,Current,Closed
1-SBI-102-Jo,Savings,Active
5-SBI-139-Ke,NRI,Active
5-SBI-183-La,Savings,Closed
3-SBI-106-Wi,Savings,Closed
4-SBI-102-Jo,Current,Active
2-SBI-139-Ke,NRI,Dormant
4-SBI-108-Ea,Current,Active
5-SBI-153-Da,Current,Closed
4-SBI-199-No,NRI,Active
5-SBI-114-La,Joint,Dormant
4-SBI-170-Ea,Savings,Dormant
3-SBI-185-Po,Joint,Active
1-SBI-186-Ea,Current,Active
1-SBI-114-La,Joint,Active
1-SBI-197-Po,Savings,Closed
1-SBI-149-Po,Current,Dormant
2-SBI-125-Am,Savings,Active
2-SBI-155-Al,Current,Closed
2-SBI-147-Ea,NRI,Dormant
3-SBI-134-No,Current,Active
3-SBI-126-So,NRI,Active
1-SBI-135-Ea,Savings,Closed
1-SBI-164-Fo,Current,Closed
3-SBI-112-Sm,NRI,Active
4-SBI-186-Ea,Joint,Closed
3-SBI-194-Po,Savings,Closed
3-SBI-199-No,Current,Closed
5-SBI-145-Mi,Joint,Active
4-SBI-189-Ne,Current,Active
5-SBI-157-Mi,NRI,Closed
4-SBI-179-Po,NRI,Active
3-SBI-168-Ve,NRI,Dormant
2-SBI-186-Ea,Current,Closed
3-SBI-161-We,Current,Dormant
3-SBI-136-Me,Current,Closed
3-SBI-157-Mi,Savings,Active
3-SBI-141-Ho,NRI,Closed
5-SBI-156-Ea,Savings,Active
3-SBI-150-La,Joint,Dormant
1-SBI-128-No,Joint,Active
3-SBI-142-Br,Current,Dormant
5-SBI-193-Ne,Joint,Active
5-SBI-133-Da,NRI,Dormant
2-SBI-156-Ea,Savings,Active
5-SBI-107-Po,NRI,Active
3-SBI-148-No,Joint,Active
1-SBI-167-Da,Savings,Closed
5-SBI-184-Po,Joint,Dormant
4-SBI-166-Ma,Current,Dormant
4-SBI-100-Ea,Current,Dormant
3-SBI-180-Ni,NRI,Dormant
4-SBI-121-Al,NRI,Dormant
2-SBI-162-Mo,Current,Dormant
3-SBI-188-Ea,Joint,Active
1-SBI-161-We,Current,Closed
2-SBI-108-Ea,Savings,Active
1-SBI-105-So,NRI,Closed
2-SBI-128-No,NRI,Active
5-SBI-150-La,Savings,Active
3-SBI-121-Al,Joint,Dormant
3-SBI-187-Ma,NRI,Closed
1-SBI-191-So,Savings,Closed
4-SBI-177-Ta,Savings,Dormant
4-SBI-164-Fo,NRI,Closed
5-SBI-152-Br,Current,Active
4-SBI-112-Sm,Joint,Closed
4-SBI-114-La,Savings,Dormant
3-SBI-178-Po,Savings,Dormant
5-SBI-141-Ho,Current,Dormant
2-SBI-102-Jo,Current,Active
4-SBI-111-Me,Joint,Active
4-SBI-191-So,Savings,Closed
4-SBI-197-Po,Joint,Dormant
